Tree,42.90871,32.75178,34.95682,24.7125,175.45373,116.01941,179.77732,21.87298
Tree,42.8949,31.94915,32.98696,21.22671,174.79193,116.9282,179.41279,23.9665
Tree,39.75938,31.26554,34.25775,19.2728,173.78555,117.71677,178.88746,24.56163
Tree,40.45627,31.39878,30.91105,19.48178,173.58985,117.45438,179.71354,22.19711
Tree,39.37709,29.32634,31.77549,18.63786,173.49553,116.59174,179.68574,20.62051
Tree,28.85401,24.36225,38.0019,15.38479,174.13406,117.7112,179.13861,23.66661
Tree,27.5928,25.99349,40.1231,16.20156,174.31228,118.32794,178.29564,22.10458
Tree,29.15333,27.8025,41.43434,13.09009,173.32462,118.30685,179.8054,24.08632
Tree,31.03034,29.21832,40.35734,12.16394,173.44116,118.36218,179.83513,23.70719
Tree,24.89037,27.2336,45.97122,14.37114,173.54467,119.51417,177.74761,25.39028
Tree,23.22393,28.00062,46.35049,10.8368,174.59354,120.52536,179.14552,24.0679
Tree,15.62133,27.34177,48.66755,10.07458,173.87205,121.89903,179.72807,24.2979
Tree,14.25638,26.89461,52.35807,8.32379,174.19104,122.64807,179.8846,23.8027
Tree,0.11557,32.53124,59.05678,0.16812,173.38148,123.13247,177.34074,26.88024
Tree,8.38905,36.26276,62.11148,4.02256,173.63019,123.38009,176.57956,26.57143
Tree,32.62804,50.62496,85.02135,11.36461,172.43511,121.94278,178.15097,26.92257
Tree,33.1265,57.50451,84.78744,14.33553,174.11672,122.42741,176.7026,25.79477
Tree,61.10544,70.1008,100.75487,32.78817,175.42268,123.00648,176.71847,27.68243
Tree,72.83918,88.12834,112.65653,50.6954,176.00258,124.15394,176.2426,29.38693
Tree,108.33607,106.08239,144.54132,68.99013,175.56016,124.38493,176.07948,29.94399
Tree,112.48053,109.43476,146.45452,74.77574,175.59093,124.97314,177.99523,35.18863
Tree,119.81458,113.58519,151.34235,81.46834,177.2075,126.15401,176.3243,29.80586
Tree,134.74301,114.43506,163.78624,81.616,177.26185,127.82069,176.48921,31.25617
Tree,144.59021,119.93638,176.33811,86.5211,178.39171,128.23508,174.7585,33.22911
Tree,167.75719,147.99116,158.98232,120.391,178.0288,131.1224,175.22257,41.70443
Tree,167.17187,152.22607,163.75751,126.35005,176.41183,130.55864,174.87842,36.8999
Tree,167.65177,159.23033,171.321,135.83008,179.34964,131.15854,174.38063,38.85993
Tree,164.67016,165.74522,178.85882,152.94912,177.67789,134.22204,173.45504,31.55545
Tree,162.94202,171.87766,174.43171,165.90849,176.38597,134.31645,174.68539,30.82366
Tree,164.66884,172.87628,174.75273,170.09138,178.32145,134.94606,171.59361,22.29994
Tree,166.28014,178.42668,178.04641,173.47242,179.03179,135.2885,171.14061,22.80304
Tree,166.41066,169.3907,175.41197,159.67751,179.40579,134.51158,171.08102,22.33923
Tree,30.22383,33.85739,25.55146,18.28816,127.65023,173.0558,34.6853,163.17718
Tree,19.49967,34.28163,31.22938,17.06464,133.13728,173.60297,56.03823,163.35597
Tree,7.20763,33.47246,41.75571,26.01661,125.58697,176.93707,23.91966,171.08257
Tree,8.46057,30.67062,49.68708,29.71149,175.65968,137.52922,176.77384,60.46242
Tree,4.00734,29.98441,52.02215,34.03184,177.62068,120.18182,176.65407,29.37623
Tree,5.40576,30.18562,58.76484,38.80377,172.1121,124.46753,178.60719,55.35744
Tree,0.07914,34.88692,60.47973,63.72714,124.09452,155.06592,45.02029,129.7242
Tree,0.90071,30.3438,58.26351,40.78033,177.00256,123.76547,173.32367,36.87125
Tree,3.84616,28.84087,63.51395,43.70408,176.54142,131.15798,176.80556,32.70967
Tree,5.41606,30.42451,137.6751,46.09954,175.24552,129.59066,165.89364,26.43397
Tree,12.16601,30.14732,60.61004,47.18774,178.93479,129.26783,171.34694,30.76049
Tree,8.11816,29.07944,119.20311,47.71203,179.6955,126.6047,173.06065,30.09363
Tree,5.79446,29.79321,97.50451,48.80186,178.90757,127.52481,171.74507,29.87955
Tree,16.45874,29.27139,52.77267,49.8236,177.98132,125.24227,174.54471,35.63437
Tree,12.5517,25.95201,52.6351,51.81621,179.98296,126.09388,175.03651,33.15679
Tree,6.56453,23.53154,31.82249,41.02883,178.2482,131.75115,176.91104,35.92063
Tree,18.6238,27.12981,68.74472,44.30968,179.8554,128.84593,174.04013,41.07931
Tree,16.09806,28.49597,69.50298,52.04405,178.16378,132.43663,177.07002,40.15322
Tree,1.58956,31.56648,152.60171,44.77228,178.04748,130.72348,173.88976,35.49401
Tree,5.87959,21.48319,173.88282,32.43759,177.20258,138.34161,179.95786,34.2298
Tree,38.43258,45.62922,32.63886,29.32981,176.44665,133.68374,179.5571,39.33596
Tree,66.73384,51.39236,69.21928,42.58175,178.62579,137.7798,179.96405,32.46513
Tree,62.42212,62.1025,43.40995,42.51255,178.91844,131.84019,178.89555,34.68383
Tree,66.19155,71.78086,65.83393,53.48304,176.7201,137.24555,179.96506,39.2992
Tree,68.06664,72.69232,68.05873,51.64226,177.47186,138.9373,179.60283,34.58494
Tree,68.88733,80.35097,74.70272,54.66814,174.18222,142.35675,178.46583,30.19456
Tree,89.38906,78.11467,107.57257,58.74124,177.6315,147.96236,179.14842,43.30777
Tree,86.81131,73.72593,153.13038,111.14067,178.51228,141.75426,177.44374,45.54527
Tree,81.81292,77.13111,171.13121,166.70152,176.12468,145.95362,177.66197,50.29423
Tree,48.76244,84.63798,169.52353,170.28142,175.82136,150.60522,175.28366,44.26417
Tree,68.02103,140.37358,168.12822,147.09688,177.63468,157.38684,176.43207,35.69856
Tree,22.33936,146.16099,141.21697,136.69194,177.9839,156.63296,174.93759,38.3543
Tree,156.95006,146.86325,107.42566,144.96396,178.65438,162.16889,175.39759,37.44916
Tree,18.05978,149.72606,154.89279,151.33747,177.45367,166.30452,170.15592,35.88401
Tree,164.17388,155.98814,131.03762,159.64284,177.22161,163.77608,170.37857,36.82693
Tree,38.94434,159.32416,153.69996,169.81586,175.90562,166.05119,168.07725,37.65781
Tree,169.35724,160.62793,154.63221,172.9025,174.69381,168.0771,166.54062,34.19471
Tree,165.11763,160.75509,172.75136,172.25983,176.26479,171.40198,157.47518,116.25541
Tree,161.82654,157.73851,144.05255,177.68668,176.31452,175.24501,113.6953,162.41649
Tree,160.17832,159.76224,164.88412,176.509,175.93191,178.02255,58.30925,167.08801
Tree,163.07565,159.66059,176.47411,177.51692,179.6908,178.81562,52.06859,169.32613
Tree,5.26471,160.4367,175.59673,176.99598,178.36228,178.67115,58.70056,169.36503
Tree,40.58515,161.2521,106.90756,173.36406,174.80253,177.92595,77.57305,171.78381
Tree,164.94447,159.28875,171.04723,178.67261,175.21221,179.62585,48.73806,171.628
Tree,150.48968,160.85982,172.38734,176.14887,175.35458,178.75992,45.46682,173.5382
Tree,164.19448,160.7197,172.17755,176.97459,173.23572,179.7948,52.96631,172.64327
Tree,165.26903,157.8366,170.9606,179.6952,173.37351,177.35357,179.96094,165.22302
Tree,164.92689,159.6369,175.44082,176.59627,172.31629,177.31338,179.91801,133.43542
Tree,11.5368,163.09225,14.10506,167.25953,156.50569,147.12989,142.36669,140.03842
Tree,0.62364,21.91751,10.98959,23.17587,163.53848,159.34675,149.7043,144.15399
Tree,3.13956,65.47347,5.06071,107.59923,153.71962,157.22259,132.20612,154.6771
Tree,0.46412,33.37634,22.49073,133.8019,148.41176,155.48712,119.96419,155.27731
Tree,171.89095,178.2034,169.5079,166.71889,173.94228,151.93457,178.50278,12.90147
Tree,163.28302,178.67904,177.15211,164.73112,175.75202,151.33017,176.71526,10.52908
Tree,175.12954,176.14774,165.30116,165.79751,174.24148,151.06422,177.48517,20.45961
Tree,14.56121,175.10174,118.81266,169.88013,175.94097,149.129,175.98639,19.05469
Tree,176.06623,169.44247,168.71365,166.40748,176.26533,148.88415,176.92296,27.39367
Tree,160.46886,169.66379,164.74762,161.38126,176.7942,146.60873,176.39708,15.22511
Tree,176.47914,171.73764,165.11214,156.45529,177.43437,146.28824,175.48836,16.28495
Tree,15.86445,174.45899,173.98396,158.4855,174.95294,142.36079,175.63395,11.89761
Tree,41.46559,31.91882,59.12509,65.53383,171.42338,116.01752,165.32035,108.95015
Tree,38.56528,32.21476,55.17914,60.8998,170.17552,116.21644,163.20037,166.39643
Tree,37.04146,30.42989,55.96201,61.08548,171.56101,114.25532,162.51908,13.16098
Tree,33.47108,28.91019,56.10862,58.45286,173.9391,115.62733,170.28711,22.06172
Tree,34.54866,28.13789,56.09652,55.20075,169.63563,115.35346,166.31822,17.89203
Tree,35.5946,29.96623,52.67151,58.33406,171.411,114.58747,168.80471,19.38836
Tree,34.97797,28.72133,55.22042,59.18495,172.07094,114.75092,171.74242,21.65593
Tree,32.38141,28.23979,55.1892,56.48131,173.25594,114.25406,171.62027,14.38027
Tree,33.43608,31.11667,52.7972,57.92016,173.25431,113.33179,170.84795,11.48508
Tree,30.55013,30.24329,57.63948,57.78269,174.25335,112.11985,170.18711,14.98969
Tree,32.74027,29.99943,51.61656,52.69476,169.93086,112.66699,167.00102,11.81284
Tree,32.89459,29.19206,53.28842,51.65947,170.89125,113.18643,167.0007,10.98731
Tree,32.32844,28.65744,54.03581,55.74826,170.93597,114.02709,168.74166,12.91369
Tree,29.82702,28.74843,51.6637,54.28031,171.46867,112.76016,170.29629,18.37562
Tree,28.75865,29.2264,54.57407,51.95056,169.70873,114.98276,168.71544,23.69823
Tree,29.09487,29.53513,48.82656,49.71643,168.46951,111.32006,167.31233,28.45031
Tree,26.08753,28.57755,46.22102,44.5641,171.01177,112.00459,171.69032,30.1721
Tree,20.64778,32.3691,42.38208,36.91617,169.95927,105.99226,170.46728,49.22829
Tree,20.52929,31.83539,36.81433,30.92556,172.90437,116.87038,176.49112,59.28896
Tree,0.1121,0.75944,20.61393,23.74938,174.50585,105.55369,163.38514,31.1081
Tree,8.36956,57.8573,36.91992,3.0244,175.52408,106.57824,171.72374,24.04171
Tree,50.05248,74.51862,89.21339,24.94781,169.58029,116.0797,178.03578,8.28509
Tree,153.15565,169.34563,150.94474,164.32976,169.98938,176.05747,148.07597,175.36512
Tree,149.20441,116.98093,172.09981,64.01436,177.98393,107.71877,175.51462,38.37602
Tree,45.37475,39.46428,49.67066,39.54093,171.34111,110.30726,179.50235,13.30694
Tree,40.28805,37.66122,45.82755,34.10471,171.28782,108.1272,178.80241,11.99936
Tree,33.71048,35.90612,49.30929,31.26061,172.82644,107.62271,178.45328,20.31269
Tree,33.10579,33.74258,51.96105,30.05286,171.89776,110.67167,177.82501,20.9964
Tree,31.88375,35.18736,52.05215,29.88457,171.14968,108.17513,177.33575,18.23912
Tree,30.70056,36.73179,51.78765,26.37034,171.59556,110.08589,178.70798,24.66815
Tree,29.197,34.18989,55.50569,25.87606,170.53476,110.48942,178.35417,23.77996
Tree,27.01819,32.63974,55.82574,22.38052,170.55652,110.10021,179.62408,25.9845
Tree,24.88068,32.79552,57.09268,22.84021,171.44663,109.27897,177.38552,22.71472
Tree,22.12166,32.43953,59.69176,25.74145,171.46224,107.66255,177.92485,21.77993
Tree,22.27447,29.91857,59.99526,27.93155,170.99729,110.32349,178.54442,32.83663
Tree,19.75132,30.6145,63.98406,23.64035,168.74215,107.89655,179.09679,28.45561
Tree,15.67695,28.79276,65.68999,17.26967,169.48665,109.89594,179.25087,32.87495
Tree,16.58858,29.38763,64.70109,19.48371,171.26794,108.54296,176.80056,36.45455
Tree,12.8903,29.90043,67.5249,27.57918,171.50948,110.28298,175.95048,39.38931
Tree,7.01329,30.71106,66.308,19.46174,172.32474,106.30517,176.08341,40.85335
Tree,0.2973,29.92502,63.40103,11.04749,172.15988,104.30852,176.00935,35.52602
Tree,4.9146,30.82659,64.54817,15.24488,173.1859,107.7643,175.28568,43.771
Tree,12.18267,32.31699,65.38104,5.0608,172.40447,107.73079,177.5177,44.90252
Tree,22.77828,61.5426,68.68897,28.02039,175.26028,102.63316,174.08615,40.92953
Tree,40.69781,70.41778,86.25691,41.53651,174.17789,103.2471,176.00235,44.26081
Tree,59.93487,79.78302,101.07414,54.91762,173.74588,101.29853,174.94985,42.09466
Tree,69.74215,81.93014,111.165,55.99569,174.71055,101.63509,173.48944,45.63306
Tree,91.13096,105.439,126.38841,88.07618,176.83895,101.30774,172.71251,40.55618
Tree,101.88501,113.39639,132.38458,101.47698,174.76327,104.10206,173.68133,46.41944
Tree,108.14649,119.35485,133.2305,112.82398,174.94348,101.59171,173.57092,43.21751
Tree,127.55554,118.36733,155.12462,119.62809,176.24579,102.24105,175.82001,44.20731
Tree,127.35722,128.19565,151.47276,120.47579,179.87988,106.24935,171.90326,52.77603
Tree,132.52465,133.56061,156.13183,132.60318,177.87792,109.47416,172.20906,57.05949
Tree,160.28071,134.87912,160.38909,137.83627,174.00014,164.59364,146.64926,168.87967
Tree,149.76953,150.67487,171.99697,160.49526,176.81014,118.07533,173.53561,76.13294
Tree,153.91946,155.23855,174.10099,169.09533,175.23052,157.09432,173.73283,121.72185
Tree,158.18915,164.49559,178.52422,178.80049,174.06313,167.38794,175.63173,130.34744
Tree,158.1397,163.78112,178.37937,177.84642,173.96351,168.64426,174.34123,129.67659
Tree,158.70108,162.40168,177.86699,179.15333,175.79813,179.87437,171.16205,160.55598
Tree,75.24577,4.98816,88.14201,163.58389,175.20096,173.46318,154.10556,166.31687
Tree,158.17953,165.38567,177.07759,179.09578,178.35645,179.09442,169.42694,167.25316
Tree,156.88985,160.33677,176.49159,179.01729,172.45191,168.51759,175.75696,170.89901
Tree,56.7615,11.04423,117.89282,61.027,177.43571,147.71791,163.91469,159.29391
Tree,59.93492,11.22934,106.42711,60.24974,179.36208,151.73168,171.15858,47.82852
Tree,58.90012,9.242,98.7472,60.47302,175.73056,140.36571,178.74082,0.00807
Tree,57.06564,7.38663,86.8063,59.84234,171.41517,136.69402,173.92949,4.50339
Tree,52.81626,8.02059,69.33092,59.98352,167.14362,135.4606,159.56319,7.10258
Tree,52.20584,7.5519,61.59908,58.70635,167.42934,132.54642,160.57271,4.29547
Tree,50.92507,8.47465,58.82331,59.10856,169.55015,130.69546,166.62428,3.15418
Tree,50.94489,9.23814,55.39402,58.64567,172.128,131.97338,166.86721,1.88629
Tree,49.16503,10.40013,58.85484,59.35213,173.0737,131.54043,169.96928,6.16753
Tree,49.38161,11.07111,50.92179,58.32886,178.76548,128.26218,178.19664,9.33319
Tree,49.23647,12.98187,50.19078,58.94432,178.51181,130.52248,179.92679,8.29297
Tree,49.30694,15.33826,48.25207,58.42866,178.41383,123.62068,178.48952,3.83474
Tree,49.02496,16.19021,44.38163,56.08193,179.29109,122.43193,178.96671,1.59611
Tree,45.3248,20.46962,42.84039,51.44841,176.32599,118.25815,176.96709,5.84505
Tree,45.07715,20.14007,41.84572,50.70021,175.28705,117.22322,176.81744,13.90342
Tree,46.04986,20.75528,40.72136,49.3535,175.30906,117.24198,177.25171,5.55751
Tree,49.61509,20.85118,35.76333,46.92445,174.67091,115.40693,177.56051,8.84793
Tree,52.33849,20.1553,23.25198,41.21553,174.97714,115.50822,176.50345,14.73395
Tree,55.62126,15.33143,7.02725,35.86795,174.3174,117.86115,175.92005,13.82585
Tree,58.03306,13.42412,0.75995,34.68189,175.79348,118.61863,177.53643,20.33781
Tree,63.36462,10.97139,5.03847,32.72302,175.75155,118.84566,177.78318,21.52291
Tree,66.00978,0.53272,10.18183,40.93629,176.83958,116.81601,177.73439,21.12114
Tree,69.81808,6.18571,13.70616,52.32759,178.26051,116.13372,178.45064,23.12028
Tree,73.14212,12.81677,21.84206,55.47434,177.93944,116.26541,177.96264,19.06684
Tree,82.26721,39.90686,30.78546,78.61907,175.43063,113.53143,177.3151,18.98789
Tree,100.58355,145.41422,50.04988,102.51466,178.48626,113.37382,178.437,22.54954
Tree,110.08636,133.91359,56.36597,97.08632,176.23852,115.8919,176.41522,14.84035
Tree,127.50935,166.17847,75.34669,123.05164,179.13825,114.53556,176.50044,14.60318
Tree,143.92112,169.21984,95.83421,119.47695,179.46983,114.08754,176.88859,18.44458
Tree,152.20699,170.65076,101.62734,121.16498,178.80854,115.27216,179.46526,18.65411
Tree,167.09835,173.7908,123.80982,139.23078,179.00729,116.17479,179.48312,18.67416
Tree,171.81234,178.4941,135.4803,147.98306,179.5728,116.18676,179.63474,18.00255
Tree,176.75942,177.97264,146.4259,149.62207,179.67563,115.83364,177.64245,20.50503
Tree,178.28428,177.64662,160.48917,153.00399,179.10119,117.52594,179.47453,14.02385
Tree,174.44353,179.40016,166.76828,156.86231,179.47178,116.50969,178.91417,19.25617
Tree,173.91147,177.14242,170.50227,155.21844,179.5155,118.68279,179.10958,18.86547
Tree,174.22998,175.19374,169.87361,152.91911,177.5335,116.68355,177.12252,21.39035
Tree,172.7032,175.35983,167.64292,152.83492,178.16721,119.0723,179.06802,7.8801
Tree,173.57506,176.49931,171.4258,155.84754,177.19849,118.91043,179.40341,18.28928
Tree,174.72408,179.85465,171.14725,157.98208,176.77159,116.76593,175.97138,26.01723
Cobra,72.19552,69.78527,172.81796,172.97523,44.37847,6.42799,172.05627,159.5358
Cobra,93.6926,87.75824,171.34663,111.7781,31.27121,4.21672,131.73218,137.37795
Cobra,85.30959,87.55427,153.88295,163.17509,11.97519,32.15873,139.62369,144.44357
Cobra,38.04318,38.73168,113.36937,82.48736,13.8894,11.89004,158.09914,126.61104
Cobra,36.06111,38.86472,113.1442,78.09208,16.37001,25.25573,141.90318,153.53126
Cobra,34.14575,34.92788,115.89225,73.46981,19.96152,21.3962,163.04513,152.22756
Cobra,31.04053,29.53869,114.16459,69.96998,16.39763,36.10561,119.01351,173.89613
Cobra,30.60784,31.84486,114.44775,68.13162,4.92597,14.97677,163.95599,143.7709
Cobra,30.18568,30.44862,110.9341,65.91859,1.6367,16.75311,161.63597,141.61974
Cobra,30.08506,38.8127,106.43923,57.10303,9.47893,5.73742,167.62366,121.33712
Cobra,36.76947,42.79265,114.29104,74.32791,45.72447,6.9405,115.33936,71.79611
Cobra,40.77497,32.71235,114.20225,93.93703,0.04907,2.40708,66.77807,48.20134
Cobra,38.17496,13.17379,119.22149,169.81396,99.65928,0.4288,15.87433,4.90284
Cobra,34.83455,31.10302,178.38202,29.83382,102.73322,6.90805,128.82609,21.3272
Cobra,38.40503,28.98282,151.24432,88.94445,117.70262,65.86605,17.38583,98.75937
Cobra,43.05173,7.48855,142.00869,52.32493,125.58019,49.32036,116.08839,60.06108
Cobra,40.28607,16.80511,133.31401,140.1806,142.38656,71.4558,59.27389,10.00194
Cobra,37.60582,46.54338,140.46634,121.37516,103.88169,80.97798,155.46748,7.98545
Cobra,37.88436,55.96886,141.96257,136.80487,115.91509,78.54698,142.25997,9.55243
Cobra,39.18951,62.75109,142.50284,133.8428,112.27534,49.15298,142.3952,22.3814
Cobra,49.6367,81.68191,169.14794,176.02041,112.94396,36.94971,145.64157,29.44141
Cobra,49.60034,96.30866,167.42242,177.72347,116.34952,42.05908,138.56482,38.30207
Cobra,37.91295,39.98097,147.33273,171.24197,111.95276,76.70214,147.36656,2.32932
Cobra,43.15466,64.89929,160.88527,171.15773,176.55415,62.12662,95.39113,4.89293
Cobra,34.07633,6.73231,147.20225,176.90226,131.93924,47.78292,107.09389,117.79162
Cobra,37.98328,18.76185,170.0196,168.18331,98.60714,63.42556,167.7586,118.93464
Cobra,42.37733,83.76052,153.16059,159.26549,115.86723,89.95928,134.45836,13.13906
Cobra,35.17639,18.90872,147.7609,175.40044,131.96465,99.80971,111.1312,23.18529
Cobra,42.21133,2.17998,149.78872,134.11355,120.0533,86.56797,118.22751,17.16293
Cobra,44.57844,7.13896,152.20162,152.45486,125.61072,83.25332,112.77344,18.07751
Cobra,39.21953,20.20337,172.64541,164.39571,120.57294,22.04451,151.61393,15.24525
Cobra,9.16521,13.76712,30.14184,164.11792,155.16668,160.82286,175.51167,174.02949
Cobra,11.10062,9.08186,42.27321,130.48297,153.06767,153.21808,167.09758,159.09905
Cobra,8.43923,7.87999,44.39937,143.08642,152.75451,149.85313,172.78733,163.71386
Cobra,17.65226,24.00616,66.28177,121.7684,139.46199,134.71555,176.53728,172.37666
Cobra,22.05563,23.1618,66.82335,116.80687,140.26171,132.15722,174.13834,172.06972
Cobra,24.02829,24.21034,78.20657,121.29907,138.01148,128.22848,173.96757,172.99414
Cobra,24.14307,27.07019,81.30067,122.73613,138.54237,130.36485,172.79459,168.99822
Cobra,27.60564,25.13509,80.07158,116.58772,135.41176,124.72591,178.20419,175.02153
Cobra,25.08859,32.24807,77.53221,118.58426,134.81576,120.08354,175.14972,178.24461
Cobra,29.24758,34.94215,81.49345,116.37238,136.15668,113.6514,176.54167,172.80468
Cobra,30.19119,34.47087,82.23023,113.32561,132.498,112.5582,173.43481,170.49808
Cobra,33.29998,36.11802,87.84968,115.85884,131.16092,106.20365,174.51138,162.9314
Cobra,42.4399,30.50323,100.80113,115.37292,123.53694,108.24622,170.39605,158.17769
Cobra,37.17313,37.74491,94.49643,115.91277,124.31093,104.00203,168.46585,161.67539
Cobra,34.79244,40.61368,90.39364,107.62722,124.4249,98.17757,162.29686,155.872
Cobra,35.49324,31.26934,106.66869,94.95782,97.99406,105.76899,139.93158,141.76647
Cobra,32.23652,30.54649,101.8952,98.04606,119.506,118.93093,158.85719,142.25792
Cobra,35.15703,44.45591,109.22129,117.19565,141.88855,153.67814,163.35044,168.6953
Cobra,170.45369,165.02638,146.99608,156.82395,26.78325,98.52473,140.73291,154.80764
Cobra,30.55988,28.72046,107.6608,93.65432,166.36379,155.08233,174.22034,173.14002
Cobra,32.27642,30.72378,110.82637,95.6376,179.19882,145.74328,175.82345,159.37737
Cobra,177.19974,168.80126,164.79947,170.55121,61.24612,69.68485,176.24735,166.45741
Cobra,177.14652,170.72217,164.97447,166.68326,46.1105,50.17922,155.39888,174.8353
Cobra,175.78306,174.53292,172.39578,148.14216,47.14231,47.77638,111.05088,133.30512
Cobra,30.33998,25.38459,115.96077,90.06191,158.71651,178.74621,164.42101,179.66929
Cobra,30.29717,23.73168,115.78116,86.68784,158.3077,175.81836,166.0683,179.33523
Cobra,30.78395,25.14089,117.46067,87.24488,143.15519,164.61644,153.28823,167.23297
Cobra,22.31116,32.64342,42.51481,63.18062,113.16658,111.53601,125.15399,138.15116
Cobra,47.57291,36.9137,131.36522,84.13963,110.09358,130.95337,140.01529,142.02839
Cobra,47.75731,34.1983,134.10909,82.30726,106.06688,127.95601,142.42078,136.24463
Cobra,42.25537,26.02904,128.30473,78.46282,115.64182,138.75674,152.49859,163.88206
Cobra,36.03822,34.75855,127.70096,80.69699,134.13549,131.25353,162.19351,163.1427
Cobra,29.07569,34.44561,121.18588,76.05108,117.51048,129.16045,169.19808,168.01215
Cobra,31.99275,36.96415,133.43541,77.56859,117.0012,129.42374,172.85581,169.14301
Cobra,18.78365,30.58601,172.93495,63.90234,126.78413,134.4774,179.44837,179.60196
Cobra,11.70912,28.08121,174.49814,48.62305,140.88334,141.48478,179.9954,174.14479
Cobra,19.27923,123.04796,171.29515,133.65644,145.46332,146.53301,179.35093,176.39269
Cobra,26.25508,20.76318,172.4614,9.06572,161.65994,156.36905,179.42134,170.96905
Cobra,30.14747,161.34623,173.50884,174.61751,155.22791,156.22951,177.84461,176.87018
Cobra,23.99588,0.7582,44.73047,5.14514,159.0183,163.75361,175.96187,179.26858
Cobra,23.13246,2.18567,50.20795,1.65724,159.49222,165.68734,175.78207,174.8496
Cobra,21.97497,0.02354,66.07549,10.02795,150.105,156.4594,169.71215,178.34838
Cobra,18.51942,34.32656,50.39221,14.61208,114.06026,138.8209,137.05836,177.32634
Cobra,2.48419,7.07412,15.55888,36.99023,112.61267,121.1986,139.46315,154.12885
Cobra,17.08173,17.8478,30.65395,22.09158,101.34483,118.34538,128.09481,144.67131
Cobra,13.13442,15.79916,29.52417,0.17664,110.99611,124.72898,139.98256,150.39193
Cobra,29.39925,21.26151,32.75166,18.69758,101.83517,142.03983,137.13981,165.31014
Cobra,32.46636,43.66148,43.54923,2.08996,111.48032,147.11146,160.6493,158.81263
Cobra,0.29811,88.46541,18.18151,46.53675,119.48647,142.16701,167.40816,173.46654
Cobra,77.12015,89.74989,97.31717,61.39567,121.16261,152.50564,149.28075,177.56755
Cobra,1.78387,2.85053,29.99177,23.1667,154.58658,163.56694,173.22335,173.08435
Cobra,8.4359,11.33959,4.55937,64.72716,33.60833,32.1633,171.73748,177.39752
Cobra,87.65556,54.79346,165.31966,131.81202,7.56593,159.91335,42.20914,149.32294
Cobra,101.3336,76.14962,152.45416,9.54281,135.56524,140.22301,167.38758,158.6237
Cobra,36.40134,74.84987,169.61915,122.01714,154.55457,139.24632,141.37332,179.40006
Cobra,44.44284,13.37003,177.38179,36.52808,101.85794,95.61894,161.33764,178.34614
Cobra,4.15449,26.38426,131.04835,163.52294,96.39402,97.93612,163.65201,108.15876
Cobra,25.29089,33.11242,162.95619,133.43283,89.93407,119.70063,172.93623,147.59813
Cobra,9.97904,8.15817,177.60564,162.4716,108.23049,110.50029,164.9773,176.7248
Cobra,2.94542,9.78912,166.66009,113.19041,101.86522,113.56398,165.63323,166.24913
Cobra,22.36663,76.1555,133.09158,109.40665,146.42709,133.2267,178.67807,165.24168
Cobra,6.31066,22.32843,178.25333,64.37821,176.41567,165.60302,175.72399,176.36634
Cobra,5.07285,21.02662,104.48813,62.72133,173.82771,172.12091,172.02319,174.17325
Cobra,12.56028,20.74033,101.80484,62.60101,174.46608,171.86934,174.28906,178.26202
Cobra,2.87178,7.62487,76.54653,65.05714,166.38958,160.18935,173.90911,177.83893
Cobra,3.04704,6.03079,75.47928,67.45322,166.5182,160.62038,172.09852,176.37085
Cobra,5.38617,7.31279,61.59363,64.55331,166.4154,160.21865,171.33362,174.8919
Cobra,3.42997,4.07949,66.21287,71.69582,165.94248,160.54908,170.31895,174.14336
Cobra,3.47173,4.86825,67.40671,72.94226,164.78825,160.3678,169.71449,173.57781
Cobra,9.05165,3.5723,73.4138,70.80704,162.62916,156.17831,170.1504,175.31149
Cobra,7.18371,3.57176,84.15969,78.55776,158.31719,149.47703,172.15789,175.03678
Cobra,21.00689,1.10448,96.41129,85.01639,154.40022,148.69439,170.83539,168.26132
Cobra,28.38854,0.89304,106.67267,87.41857,152.20093,146.9193,172.87252,170.4652
Cobra,26.43103,2.15129,109.55991,98.63174,145.67173,143.20795,168.44455,164.34844
Cobra,21.30468,0.99802,101.65027,101.04563,150.68734,143.18228,159.16034,151.70349
Cobra,30.48518,1.16053,116.45623,103.26589,150.21087,140.26414,154.39324,145.69623
Cobra,27.94967,2.32572,116.82814,107.72469,135.47473,134.05371,156.38967,150.31403
Cobra,29.80453,7.22882,122.48945,114.43372,128.75851,125.20476,153.05525,148.90481
Cobra,32.60871,17.32476,141.98133,126.10364,114.32461,93.06964,168.12004,166.03929
Cobra,36.417,23.22754,153.38892,126.28456,102.2917,80.90291,178.1973,176.83218
Cobra,33.34716,25.25263,155.52891,128.36574,90.81992,75.85377,161.93945,173.91792
Cobra,32.11464,34.87283,163.41479,140.8937,40.82893,62.22882,130.6283,151.6293
Cobra,29.11296,31.05803,169.61383,158.34017,34.2336,25.60147,142.69546,150.1617
Cobra,30.65692,30.66464,176.48776,173.52215,15.37355,38.13018,149.59934,160.13982
Cobra,30.76966,29.33758,173.032,178.7298,11.45357,21.00345,147.5304,178.2424
Cobra,28.84162,26.78734,169.80618,179.05673,8.94886,15.94659,162.29538,171.13685
Cobra,28.80542,27.20729,167.28516,177.62333,17.18247,12.17414,167.02359,168.36684
Cobra,30.27789,26.30441,165.74226,175.3171,0.80994,8.35872,158.92565,162.5975
Cobra,32.52166,30.46818,141.67491,163.31434,46.908,102.77058,130.95352,124.28035
Cobra,31.97456,31.09376,144.99469,163.23332,55.04477,121.2404,149.57397,119.36609
Cobra,27.73286,33.26013,143.2507,164.12043,55.83833,111.89829,162.98053,137.5067
Cobra,26.82791,37.32142,142.88892,159.46802,61.13636,113.24402,167.62312,140.35641
Cobra,27.1476,34.57351,139.40218,154.48896,60.65036,111.6484,162.73554,146.60959
Cobra,11.064,33.038,117.56502,130.05838,108.87978,109.11093,143.61312,172.7611
Cobra,13.17092,37.79242,105.04799,117.62976,139.00829,150.2185,172.21659,165.62028
Cobra,7.75967,30.61015,98.49411,117.17826,144.12307,139.91767,165.70834,179.98666
Cobra,3.18633,34.03994,88.00651,117.45726,144.63372,152.91368,172.54373,165.03874
Cobra,2.86786,12.09043,70.82221,73.25861,159.96435,167.02843,169.94744,168.4714
Cobra,4.02921,8.39649,67.2285,64.51165,162.36408,168.02078,168.13661,169.56732
Cobra,4.54943,5.62781,63.62793,66.43464,161.75678,169.0325,179.17943,175.03079
Cobra,3.14066,4.78894,62.87981,60.27861,163.74402,169.45067,174.27923,171.61364
Cobra,6.46735,1.57373,60.80255,58.83386,164.85932,171.62712,175.0106,172.26525
Cobra,12.76644,2.19923,53.51171,59.60793,168.98181,173.66547,177.28066,172.35184
Cobra,11.14818,1.77596,56.87495,61.605,166.97402,166.20907,174.0817,174.05675
Cobra,10.46929,8.00707,67.19446,64.55844,167.79075,168.11866,174.0371,170.77043
Cobra,4.31715,15.65566,69.21474,67.2012,161.07355,166.99257,173.00487,171.0435
Cobra,2.69973,12.81235,78.2834,60.40666,160.32174,166.6477,174.49848,174.17032
Cobra,7.97496,16.30223,85.13736,64.18257,156.25734,166.0613,175.62329,176.09155
Cobra,9.87194,14.85386,83.87277,58.50368,156.47594,166.76726,177.28809,176.3147
Cobra,2.74023,18.87538,72.2298,58.13924,156.8993,168.54704,177.54927,177.10276
Cobra,1.89276,19.30968,77.05904,57.35502,157.86957,168.80774,178.18433,175.62045
Cobra,5.3428,21.10872,69.95022,54.99025,156.42109,166.12511,178.69624,179.18316
Cobra,12.17992,21.7482,70.46265,53.85976,155.51752,166.6583,179.31762,178.88327
Cobra,1.20707,23.95884,48.28267,51.21997,155.51958,166.52539,179.90237,179.99392
Cobra,5.93637,23.71789,54.33275,53.6919,153.24942,165.02897,178.22432,178.44801
Cobra,1.05903,21.45192,48.93936,47.4326,152.24427,165.61275,177.70773,175.4476
Cobra,0.01087,23.8578,43.92684,44.38392,153.52937,169.4836,177.63099,176.82711
Cobra,2.75081,25.09282,64.6187,53.18665,157.88951,168.13198,178.48623,179.38896
Cobra,13.58205,28.0334,86.42945,56.94848,159.86333,166.13466,176.35097,179.08452
Cobra,0.35374,28.24766,55.9712,55.52623,161.04361,166.73979,177.26793,178.84201
Cobra,11.34873,31.28885,67.15483,64.14336,168.76454,167.36693,175.96969,175.42284
Cobra,6.66817,34.04951,62.32404,64.3512,166.98715,174.10862,171.9015,171.61215
Cobra,8.86464,31.60251,56.44655,65.36996,163.77457,174.02504,179.63625,169.54
Cobra,17.46608,35.89737,79.84812,77.15359,155.81852,171.48112,173.90558,166.64143
Cobra,25.73451,37.59585,85.78664,78.41277,152.51091,168.92598,176.25745,167.61464
Cobra,87.78534,45.91671,157.75173,97.72568,152.42945,167.63206,178.29099,161.97663
Cobra,57.54545,59.90823,148.95168,130.61232,131.45983,46.75067,110.09236,88.91759
Cobra,24.41505,40.90257,149.81981,165.02218,101.03031,65.17427,67.50129,47.55464
Cobra,46.01469,47.06769,167.79371,124.47766,115.74401,31.99097,89.1824,23.01166
Cobra,25.41002,43.32625,158.78738,140.11258,129.16403,90.14887,92.83996,85.12645
Chair,159.69914,169.82332,169.75354,167.49612,158.37397,149.99913,121.73155,123.5753
Chair,160.48979,167.01967,169.8554,163.07999,144.37751,135.74635,29.72412,108.63698
Chair,154.61594,168.70552,161.28432,163.93904,137.53786,132.87089,97.9588,104.61321
Chair,131.979,51.96131,58.65486,118.83066,169.69351,168.2726,169.69722,177.31253
Chair,125.97008,84.56569,53.25121,179.32409,167.20968,168.68596,170.90543,173.15096
Chair,157.10915,179.78987,164.56007,175.98629,132.01265,144.32177,114.09022,163.88288
Chair,159.81378,177.95266,166.11856,174.58072,127.21535,126.923,119.43141,129.3986
Chair,157.45758,178.02687,165.1587,179.89222,132.25619,131.70104,122.98421,128.08297
Chair,156.82921,176.93088,164.22997,170.53936,133.65754,136.14497,128.11824,138.91214
Chair,152.17787,158.08065,154.7293,156.93773,171.29706,169.30333,172.3604,169.75918
Chair,153.58141,157.62916,155.54928,157.70226,178.39631,174.18863,173.98256,172.30676
Chair,157.77832,157.3753,163.60906,157.18398,171.76617,177.11753,168.13075,174.4115
Chair,158.75872,156.88775,159.58148,156.2959,164.48859,174.61405,160.47126,177.67564
Chair,160.09703,154.75093,157.66933,157.86775,162.69922,170.69149,159.58519,171.44085
Chair,159.88646,151.63432,159.46425,154.38624,160.42915,168.65889,155.47466,167.52498
Chair,162.55568,153.42156,161.46127,158.2318,160.21299,164.17449,158.22812,162.89165
Chair,160.32752,154.78337,158.64339,160.53664,156.61697,157.55403,154.73329,156.1875
Chair,162.2837,153.86484,159.99351,161.85197,153.48611,155.6261,151.05392,153.26676
Chair,167.49041,155.63586,161.7088,159.91012,140.5406,143.90101,135.33356,141.64412
Chair,170.54245,154.07477,166.25041,160.97824,143.16689,142.185,140.59783,138.34304
Chair,171.69319,153.32384,164.84806,156.58542,133.69461,133.63019,125.48379,129.6442
Chair,178.92564,155.13452,171.16547,160.93859,127.72641,124.53763,126.96449,121.32645
Chair,170.98824,153.07118,171.03864,158.7043,110.24572,112.56077,102.68274,42.6461
Chair,6.5574,107.00956,72.5344,149.47801,166.30355,176.27982,165.9164,177.81512
Chair,55.52874,32.61975,143.264,91.68033,171.89472,170.4411,175.78169,176.69018
Chair,77.50321,58.67097,143.06185,31.58851,177.76832,166.73435,177.39263,175.8077
Chair,23.52002,49.914,124.73801,39.97474,172.83063,164.55375,165.00112,176.82582
Chair,35.61478,93.54427,121.52432,118.19797,178.95177,170.35263,175.64714,179.09784
Chair,161.85015,152.28321,177.04936,166.0,96.34401,103.90344,91.43035,99.81738
Chair,39.50218,94.82247,158.93987,138.28738,171.68204,167.45516,175.85901,177.84436
Chair,151.69866,149.03271,173.4889,172.80384,113.14485,121.5187,94.89988,102.45825
Chair,155.12017,155.93721,172.74226,175.21687,123.77856,127.7579,100.76052,107.84534
Chair,155.84713,157.03379,173.02422,176.28277,131.24267,134.99184,105.22245,113.05834
Chair,157.56722,158.39986,175.1259,175.81779,137.47504,140.81542,108.3108,115.58058
Chair,172.25396,152.69362,164.41465,162.3932,171.43119,176.85747,161.55442,168.95697
Chair,177.84643,155.95307,171.14,160.68418,169.79805,177.01235,162.53239,169.74297
Chair,179.92232,157.26127,170.16588,161.33162,171.5572,177.0833,164.19623,169.36695
Chair,167.85843,144.65689,162.58563,158.59687,178.57127,173.10262,168.31509,167.53277
Chair,178.91257,157.85011,167.29057,163.44208,174.51282,166.7904,168.38126,163.39904
Chair,159.19573,175.74674,155.01145,169.42457,172.09687,162.16721,166.82298,155.72305
Chair,172.27465,151.21429,163.85431,150.67771,176.07912,165.5046,165.1608,162.39548
Chair,159.30567,153.35191,146.77016,149.49879,167.99645,175.34775,160.11426,176.61055
Chair,160.86572,164.91242,149.57937,152.32231,176.69705,167.75541,174.67679,168.5137
Chair,152.72056,164.55374,143.91449,151.40508,179.37728,171.93475,179.09507,172.44768
Chair,165.04317,161.84933,150.5982,152.77122,176.40123,178.95084,179.12434,171.57016
Chair,173.14736,162.80155,129.01571,175.59844,178.20491,174.43415,177.6061,176.01392
Chair,162.06299,161.20445,169.55717,136.19692,173.86049,179.3495,176.88457,176.63968
Chair,154.96125,156.72532,168.8907,131.57642,173.6035,174.70843,175.06064,170.46984
Chair,142.46312,155.71428,132.98591,152.22304,155.23158,146.56621,166.80152,140.98977
Chair,159.33169,150.48959,174.18095,144.49579,146.66245,149.57024,149.31627,147.93201
Chair,173.30675,151.09806,157.37376,143.94297,130.64277,143.89139,131.49161,142.65608
Chair,147.37558,143.7207,177.40186,146.46661,146.80455,131.48468,152.22469,124.67738
Chair,145.13601,137.01485,178.13158,142.96007,143.62159,117.72621,143.54041,112.36814
Chair,170.04717,141.34341,173.55439,142.68079,121.72773,122.50488,122.95251,121.91536
Chair,139.533,135.32662,159.45673,141.01302,122.96496,111.50987,124.70838,105.41779
Chair,118.59682,134.28427,165.50614,137.00404,124.31879,109.2438,125.71221,107.29975
Chair,135.92261,133.69263,155.56607,144.3888,105.98442,96.97951,78.00651,95.51946
Chair,70.98175,138.58305,147.33349,146.7659,109.70817,103.17382,106.55082,102.78708
Chair,133.69587,136.36136,175.08658,141.69746,103.0889,96.60939,87.33119,95.74192
Chair,137.2232,132.99285,157.53527,143.47565,127.79291,100.32293,97.45873,99.20277
Chair,141.12112,134.9957,166.3471,151.41983,107.94789,93.09582,100.11163,81.26598
Chair,143.19081,141.77313,150.86952,151.73708,92.40383,88.67781,87.15544,88.09294
Chair,147.6011,146.349,166.8138,159.71964,94.19114,82.9002,92.36666,81.47874
Chair,141.463,145.44131,158.66908,156.56874,92.03939,82.80714,88.05635,81.5276
Chair,152.0208,150.60501,170.85067,157.47244,84.81108,77.5147,85.77195,79.05337
Chair,123.49748,143.85524,147.44616,151.55858,102.75575,91.92345,97.06812,90.77932
Chair,143.40534,145.1788,157.79306,152.1759,91.03337,85.28279,89.9819,84.94157
Chair,152.03942,150.13782,163.82257,160.09837,94.94693,90.37056,93.0983,87.63353
Chair,148.87734,147.64726,166.06441,154.40762,100.40692,94.26382,91.71799,88.95962
Chair,145.25463,144.63434,165.45988,158.18814,106.71881,102.8102,97.53712,92.94931
Chair,146.97207,145.81194,169.13913,163.80823,116.83907,110.01786,102.45679,94.86863
Chair,147.13405,143.50342,168.17355,159.05447,125.21629,121.67295,105.11555,102.39344
Chair,148.13497,148.38092,167.05638,164.83359,127.13084,124.56876,108.56849,106.18542
Chair,149.57398,153.15664,169.08834,166.98525,137.2363,133.6855,116.3552,113.8726
Chair,154.29925,153.92882,172.79032,168.07151,138.53255,138.11315,115.91255,115.9189
Chair,143.43769,163.19504,146.50452,164.20434,179.65537,177.679,169.59438,178.65931
Chair,143.05358,165.37576,144.52224,160.27878,178.83571,179.62113,153.64634,168.6448
Chair,146.41707,161.94155,145.70053,155.05026,177.89249,177.81137,154.90582,179.22325
Chair,150.28518,169.38589,152.38863,159.86385,177.20169,176.92587,161.06764,162.22449
Chair,173.4349,173.39146,161.73707,169.20457,178.53928,170.23621,165.17352,167.99074
Chair,124.51892,138.10079,116.14134,132.29413,178.09615,170.406,170.5894,164.23545
Chair,121.81275,130.28614,109.14252,116.12997,177.83635,173.45325,175.24958,144.55004
Chair,116.82816,122.31215,101.84494,109.10028,174.27279,172.13698,163.31694,159.5695
Chair,101.72846,115.92861,89.4077,99.41144,177.18069,165.62617,163.36667,164.76221
Chair,104.58182,129.81523,99.823,101.48213,177.97747,153.83889,175.4319,168.54286
Chair,96.79237,113.90548,98.07237,91.07844,176.4028,157.7251,158.5384,163.23725
Chair,121.09277,134.03121,89.62628,153.43421,149.25428,170.51109,178.04174,173.02735
Chair,149.37225,136.58024,85.70578,170.40008,132.23829,141.59968,179.94587,162.58918
Chair,84.30967,46.07295,144.37144,112.3547,145.50571,122.07308,170.23869,155.82524
Chair,160.19086,127.69716,98.09069,177.84586,122.34221,126.23448,172.23923,161.81039
Chair,102.77735,131.74818,176.04556,91.39594,177.194,136.61716,165.29991,149.82298
Chair,70.10746,128.42356,141.11871,91.9559,164.39312,140.79979,176.77033,149.85174
Chair,57.75617,110.28946,62.10399,121.99851,173.14216,146.57324,179.69272,167.1403
Chair,84.25578,115.55892,44.13477,147.87841,179.71749,146.87054,179.1436,160.27749
Chair,57.79223,69.46749,163.81297,161.37459,153.53741,139.32051,177.42371,150.0925
Chair,61.83552,168.81425,155.70529,140.43064,142.64333,112.94529,171.73554,145.16733
Chair,66.13728,141.75341,155.72379,104.35894,162.83725,133.46786,175.31386,159.20399
Chair,23.52443,64.3722,141.20083,178.28485,136.78859,107.31026,170.05441,135.85391
Chair,3.3519,107.24508,132.9372,128.1199,151.3285,137.50246,157.51865,161.12214
Chair,0.05122,122.91669,44.76289,123.49891,142.22806,125.01723,163.01516,153.16466
Chair,14.87627,119.90371,146.8426,152.21619,125.1391,142.34892,148.09256,168.4019
Chair,40.08412,128.33452,119.52742,140.36075,123.40727,126.59631,149.32349,156.19067
Chair,44.83629,125.01832,152.37772,167.24587,119.72732,126.93171,154.49001,152.75058
Chair,35.64895,116.71599,158.38013,174.13455,115.2991,122.36866,138.64131,148.726
Chair,26.59234,132.68108,111.79577,138.06675,124.65068,120.25736,153.36562,137.42332
Chair,33.05119,134.8609,148.40888,158.61799,115.41706,112.00204,124.76909,127.69992
Chair,38.95002,121.52451,126.65504,169.90074,104.30225,111.78558,126.09265,120.20259
Chair,19.46292,125.69202,89.00698,177.16814,111.36072,110.70146,141.52857,129.487
Chair,52.7468,132.71302,87.24006,168.94769,100.20864,106.04882,148.16054,142.02684
Chair,25.13678,138.53128,60.96989,163.87456,128.06863,111.16256,169.46357,136.77766
Chair,0.23219,117.59368,21.10425,154.12928,150.98068,139.78448,153.78532,165.14228
Chair,12.15683,112.20722,8.10713,144.69562,154.07953,146.23859,105.43199,152.99257
Chair,3.67859,121.1117,15.00766,145.79026,156.91177,151.27439,110.77854,154.99634
Chair,146.61763,143.45039,145.27521,133.92313,176.57016,172.16339,175.67335,171.74127
Chair,167.52762,161.04107,178.40911,157.09682,160.27172,155.45835,139.83577,135.34646
Chair,167.65233,162.69326,179.3221,159.28875,155.84383,153.76656,134.05827,134.35478
Chair,168.05766,163.03666,178.29166,158.77572,152.07871,147.47585,129.15015,123.0883
Chair,168.23413,164.81182,179.37638,161.50548,150.56939,144.68929,130.48425,123.72607
Chair,167.06281,164.98497,177.05938,161.6003,147.34781,140.98484,125.55695,120.91878
Chair,172.22541,165.44597,175.26219,156.93451,126.81869,119.78447,112.0722,105.47762
Chair,171.44439,164.55275,175.31745,155.40914,121.58797,116.36142,102.89735,103.26586
Chair,171.38989,165.30861,177.28179,155.62684,116.87736,111.37253,97.86815,108.28192
Chair,172.70018,166.25341,174.5977,158.06363,114.96207,110.70959,99.3068,109.27811
Chair,173.81313,166.80705,174.23785,159.10866,112.39763,107.65173,98.00503,98.28198
Chair,172.28901,166.22558,172.63434,158.42006,108.41927,103.49597,94.29765,96.37533
Chair,171.35398,163.98836,174.50048,159.95515,99.61953,92.38377,90.0618,87.75979
Chair,168.65478,161.68761,177.93981,158.51256,100.63112,92.35068,91.28987,88.95657
Chair,169.24236,162.53189,178.7489,164.31046,97.25708,90.86475,90.80632,89.93874
Chair,168.69612,159.75351,178.42598,161.49917,94.67852,88.23027,87.89699,86.58397
Chair,171.76392,163.08384,176.33763,163.29374,95.63288,87.78053,90.06606,87.77184
Chair,173.27529,160.32402,176.23717,161.07968,95.2494,89.00969,89.69364,86.01195
Chair,172.46367,158.79237,174.80973,159.65807,94.81319,88.09544,86.37637,84.80225
Chair,173.26039,159.58398,172.41623,159.22203,95.63427,87.63058,86.77149,83.16344
Chair,173.41086,161.33018,172.90075,160.33574,95.26201,86.99101,89.17804,87.02903
Chair,170.99222,159.92732,174.13556,160.56207,96.61865,88.25479,90.40999,88.90501
Chair,169.87537,159.87409,175.60416,161.35264,101.5278,91.39066,95.04036,90.48905
Chair,171.04527,160.74646,173.82758,162.24799,101.57855,93.07396,96.08456,94.60886
Chair,167.53428,162.34353,175.94379,161.73659,101.27606,88.77085,94.60433,94.36841
Chair,167.08829,160.42528,174.16469,161.546,106.67472,96.26626,97.8653,97.83028
Chair,165.86342,161.28555,179.45622,163.3754,108.17507,101.14539,97.67337,100.98827
Chair,176.74075,159.09293,172.47829,161.86372,107.84934,102.62138,103.63221,101.70158
Chair,175.86616,161.83476,172.36378,167.51359,109.47734,100.12487,103.81457,96.62452
Chair,175.85527,160.65615,168.31527,164.88233,110.83557,96.2768,107.8762,68.79833
Chair,177.8934,155.68833,166.69261,161.10656,106.55462,98.10279,102.31567,80.98068
Chair,169.84594,154.22937,175.36291,156.05485,115.42616,88.80925,109.37085,67.40501
Chair,172.1455,150.89225,171.59245,152.78519,112.31191,79.90138,99.83769,29.68904
Chair,131.75349,99.10271,132.93165,147.0589,150.86235,173.00009,178.79454,159.20178
Chair,140.04924,124.38072,133.52405,179.01132,151.66839,168.51748,174.84204,157.61347
Chair,153.27625,100.33118,140.95018,141.39313,149.91246,173.52084,178.7282,178.49237
Chair,157.24755,132.97128,144.7443,173.25139,154.19253,175.60551,164.86546,166.24832
Chair,153.88543,133.31986,150.14921,175.44341,172.89321,155.08912,142.13704,178.2139
Chair,148.93307,126.71589,141.23872,168.68261,160.62575,178.74725,166.06344,159.22467
Chair,144.36467,124.44879,134.99724,161.75128,159.03363,173.02192,169.76917,162.53763
Chair,133.56876,115.28585,132.69554,144.22321,159.1577,149.80091,160.76444,176.4789
Chair,145.17247,127.22473,137.93759,145.72371,175.89453,153.70885,145.89477,176.28762
Chair,157.95294,154.40009,178.48902,163.43941,157.19944,151.11494,123.99063,93.50812
Chair,166.94293,170.38341,161.85821,164.70402,179.66759,177.84838,178.04258,179.29108
Chair,169.22936,167.11272,163.28765,162.7662,178.37841,179.258,177.36933,178.44179
Chair,169.28077,169.7676,165.65115,166.16761,174.30851,176.64698,172.07428,175.46861
Chair,169.6289,169.59283,165.71267,166.3124,173.93812,174.64354,171.05649,174.36
Chair,168.6228,170.06036,163.27747,165.05558,170.10627,168.20106,171.63186,166.46629
Chair,165.51701,166.73598,159.03618,161.92565,166.93746,164.00977,165.2302,159.10644
Chair,166.09358,163.93733,157.29498,159.51336,163.4821,160.18342,158.88932,153.93611
Chair,164.5601,163.74832,156.91308,161.30825,159.8592,158.21691,159.32826,152.85369
Chair,163.91821,167.56949,155.94555,165.39273,158.49248,153.00274,159.94486,150.33517
Chair,166.4947,164.85772,157.65994,163.88263,170.25255,150.65269,174.53671,148.32024
Chair,172.72093,160.72096,162.57523,161.49619,152.43929,145.51234,148.97381,145.52634
Chair,175.57049,159.97933,165.83969,161.85081,148.48115,140.20989,142.80044,141.29512
Chair,173.47115,160.28315,162.77564,163.17108,138.51088,129.95572,133.79726,130.20905
Chair,177.88469,160.84581,170.3418,166.72898,124.26697,114.98242,125.86153,111.99839
Chair,179.95797,163.52285,172.46374,169.48363,124.39107,115.09911,125.07039,114.40556
Chair,176.51886,162.64834,178.84487,167.86086,119.30858,110.79124,122.46065,109.86551
Chair,171.44766,164.08748,178.46245,168.06955,113.52794,104.72031,108.46176,107.04021
Chair,170.4713,167.02258,178.63749,171.41345,108.33155,99.66525,107.94587,102.01939
Chair,163.16849,162.0837,170.19044,170.65449,106.24523,98.43833,99.16646,99.3514
Chair,165.39532,157.19722,176.22823,163.38207,104.5318,94.81064,97.16508,101.32133
Chair,161.80924,157.45919,172.83804,169.75561,103.15546,97.14625,94.77117,100.66523
Chair,164.65659,156.50291,176.26938,162.5582,100.92967,92.27867,96.71396,92.2689
Chair,161.80293,166.35595,174.49598,178.71546,98.07549,91.4111,91.81901,93.87891
Chair,162.74573,163.58614,174.29327,174.16585,87.8028,86.46723,81.97224,80.406
Chair,159.42323,167.717,171.46759,175.54014,89.09026,86.34821,82.08992,80.97973
Chair,159.14184,162.13292,173.73264,175.54833,86.00331,86.52803,78.70815,77.122
Chair,156.88722,161.23564,174.4613,173.5065,86.25334,85.98521,76.93025,72.01133
Chair,160.55144,162.95766,175.52434,177.74278,81.83268,82.88105,76.56428,75.29682
Chair,159.6372,161.89777,178.0445,173.41453,82.44836,83.78936,76.51131,70.24952
Chair,158.51228,163.20257,171.63704,172.24176,78.75284,80.81333,73.26646,75.85242
Chair,159.60198,160.74013,170.57626,170.07937,78.61462,79.64292,74.47309,80.10082
Chair,158.31537,161.36359,169.02058,169.71001,77.31503,77.48883,73.83211,75.82189
Chair,157.0234,160.18804,168.83265,171.41871,78.83947,80.31246,74.08922,77.37365
Chair,155.31239,158.09012,166.00628,168.9163,80.76044,83.02155,76.58684,76.78097
Chair,152.85447,155.94167,164.76144,168.15224,84.45446,84.33147,77.02027,79.46632
Chair,147.95957,153.8394,167.61219,173.37729,109.39504,109.81752,87.83001,95.15622
Chair,150.5542,157.76809,175.6267,177.58679,124.88549,124.21611,98.14276,97.44007
DownDog,165.69979,173.85832,173.90242,176.98929,18.40206,4.79207,162.1531,155.29662
DownDog,169.7634,174.85994,172.01703,170.91135,19.06803,7.85547,159.49866,162.80787
DownDog,171.1544,175.06348,167.00307,169.91349,20.65259,7.23268,166.08691,162.37348
DownDog,175.97289,175.87657,162.08484,172.34758,15.19966,7.99567,164.12136,171.24793
DownDog,177.49774,177.69389,159.64484,171.03747,14.22432,7.51529,165.89985,168.88874
DownDog,179.92657,178.42444,157.47565,168.57086,15.4868,5.71895,172.49063,163.31653
DownDog,175.54758,174.97913,156.44502,160.30712,11.15208,9.12654,175.22609,169.73025
DownDog,175.35909,170.81556,155.42885,158.11357,11.88677,8.95015,178.19962,171.57877
DownDog,167.66395,167.42699,146.14063,155.27045,6.10567,12.20193,168.37448,176.13862
DownDog,168.89341,169.21481,148.88117,157.70633,5.4708,13.88979,169.11239,175.84921
DownDog,167.39375,171.62701,147.10081,158.94219,8.39327,14.52888,175.47511,174.36503
DownDog,167.34203,169.21076,145.11497,158.72382,7.74369,15.14498,175.1728,175.79713
DownDog,165.82388,170.83797,143.26132,158.65648,0.44057,14.55288,163.68911,175.25793
DownDog,165.21139,170.26388,143.74864,157.88779,1.09424,15.77709,159.63011,171.22245
DownDog,164.30042,168.38345,142.1946,156.19674,2.80335,16.7517,158.85036,172.2014
DownDog,165.24174,168.88487,145.13104,156.57042,3.7674,17.35988,159.29528,175.07758
DownDog,164.88252,169.93143,144.78633,159.02736,1.94054,16.88711,161.44968,173.21213
DownDog,163.45799,168.70099,143.90197,157.04501,5.48415,20.7461,159.67697,179.04679
DownDog,160.96804,171.31662,142.37201,159.8407,5.61068,17.68282,163.68631,177.04812
DownDog,163.27552,172.94203,143.32434,162.51391,0.78349,18.25781,172.57154,175.45083
DownDog,163.87373,173.0458,147.15548,161.42156,4.12172,20.01005,169.01369,177.58593
DownDog,162.99815,175.34396,146.07584,164.91638,5.19291,20.27925,173.11379,174.25827
DownDog,161.21203,178.63795,144.37712,166.56485,10.65816,25.98928,178.88591,170.70448
DownDog,159.84852,179.02128,144.74248,168.5798,15.97008,29.42691,179.89496,165.26339
DownDog,158.36859,178.82741,142.62739,169.12252,17.02142,36.38685,178.31549,171.1806
DownDog,160.20467,179.19426,145.62811,168.03828,20.9313,44.39151,179.99882,179.88283
DownDog,159.23615,175.2053,143.12439,173.72816,26.68146,50.05444,176.65761,177.58159
DownDog,158.80448,175.32626,143.22856,176.48333,27.74239,49.27694,176.91583,171.98482
DownDog,160.12632,173.24063,143.82935,179.01523,28.72591,50.69376,176.68414,172.95706
DownDog,160.12883,172.78436,143.9722,178.16384,28.73837,51.10955,178.77676,177.73066
DownDog,159.98673,173.45332,143.98164,179.73852,27.92534,46.23678,178.43064,176.14954
DownDog,159.57252,169.92756,144.56559,177.80074,29.3241,49.67909,178.21063,176.89404
DownDog,159.78166,167.66456,145.31281,178.88621,30.34177,46.53337,177.71821,169.33145
DownDog,159.13587,160.98811,147.02881,169.11846,30.61585,54.02465,167.98988,175.4016
DownDog,160.84454,163.70948,147.71125,169.46256,30.54959,51.17653,168.76138,169.90864
DownDog,161.29157,168.65902,145.63089,172.27391,31.71713,52.42741,172.70157,177.92858
DownDog,161.91521,171.98301,145.09405,173.78736,33.17157,48.8663,175.66025,177.13182
DownDog,160.35774,165.93809,147.58339,174.50728,34.59655,51.16053,167.70087,157.81151
DownDog,156.98829,162.79661,149.12044,173.87303,35.9013,56.1363,162.52568,162.3284
DownDog,145.69636,147.5318,147.00767,167.32453,43.26663,69.66913,159.62567,166.15738
DownDog,141.68875,143.31667,145.34954,166.18785,41.43074,64.6523,153.83831,160.13835
DownDog,116.89328,111.93761,164.55986,169.38379,69.92882,95.77757,140.16324,145.13744
DownDog,123.1903,93.56404,164.61954,138.63344,109.64214,106.65777,145.88614,141.86714
DownDog,127.86848,96.55559,167.97076,138.8076,103.83285,100.0618,148.48863,145.12624
DownDog,91.11011,79.66497,173.84102,157.52259,160.4775,141.24844,174.26679,178.89778
DownDog,108.42226,8.45308,168.35834,160.12031,149.5346,157.08756,153.07472,172.0423
DownDog,148.98594,132.79338,176.21967,141.31713,81.02371,70.7057,160.50611,161.67056
DownDog,162.285,155.64174,171.86474,137.60007,74.82743,58.73725,178.53854,173.27738
DownDog,22.10354,52.73595,167.10357,156.59283,177.78473,177.5475,177.32311,162.22857
DownDog,53.30007,3.96866,176.77668,154.74822,172.36711,140.43327,171.67975,170.25738
DownDog,28.62842,22.05276,161.36063,147.03472,42.14167,11.73907,53.14688,29.01705
DownDog,46.72171,21.9787,178.65855,158.97468,153.72542,134.86962,161.83247,152.55909
DownDog,4.92911,35.71205,71.55688,161.44237,156.51804,170.28616,165.10997,175.9044
DownDog,9.15819,6.36118,171.53543,165.55088,153.70495,179.4917,162.75265,179.35987
DownDog,10.54021,9.70718,171.25952,164.13037,152.6238,177.96923,161.20958,177.68114
DownDog,157.17156,166.31785,114.3266,174.85153,5.99418,3.56634,173.06738,178.40553
DownDog,165.52778,176.71754,137.59726,176.97719,1.15869,6.45674,154.93955,178.70714
DownDog,170.25005,179.77077,142.28958,169.93968,0.49866,6.18776,161.56387,173.25403
DownDog,175.12724,168.61375,157.98678,148.72154,5.76092,2.73819,156.31842,170.34359
DownDog,169.09885,179.51985,149.99076,166.94664,1.31443,3.34859,170.31547,173.51445
DownDog,177.51786,177.52425,170.32132,156.34124,0.58374,7.4834,165.07043,176.77885
DownDog,179.76342,177.20312,176.56534,156.1101,2.37309,6.70225,173.09933,171.98224
DownDog,178.35484,165.58661,173.21531,133.77069,1.03043,10.55746,167.03066,140.91014
DownDog,178.76665,168.25545,166.74903,169.1407,16.85559,25.36726,155.03991,175.71994
DownDog,14.27373,11.33824,158.35095,172.18379,167.45415,166.33276,176.28068,165.1492
DownDog,19.54882,19.79539,158.56401,166.49407,172.98302,161.3985,164.57124,158.66501
DownDog,12.09712,17.67323,165.78104,178.15908,178.48495,138.46384,178.90615,151.57238
DownDog,40.65637,2.27786,178.63791,170.99647,178.00322,148.92608,174.64571,178.66777
DownDog,93.78294,92.48837,131.40516,118.97108,81.92299,85.4249,86.49281,120.14149
DownDog,90.77183,102.19683,131.69725,124.44697,91.14417,74.13662,119.58991,104.35178
DownDog,88.96654,116.05558,111.10768,135.17851,98.62185,71.90676,138.13308,82.10543
DownDog,71.67575,137.28236,111.27967,150.55362,81.80697,81.10617,119.86002,141.85312
DownDog,147.40913,147.79271,151.10229,154.13579,82.07276,68.41796,122.68692,100.20023
DownDog,153.25675,150.21904,163.07494,155.06513,82.81256,76.12166,146.50043,162.79386
DownDog,160.09117,149.66822,169.32747,148.15557,66.27605,74.29224,137.37039,156.72931
DownDog,163.78238,153.63573,173.97273,153.58269,89.03313,74.10154,112.73541,61.52711
DownDog,172.97166,162.25416,179.13973,155.08081,81.23322,77.31946,94.98108,31.6523
DownDog,175.31407,162.04013,172.4423,152.02172,97.24607,82.54988,97.21222,44.19019
DownDog,170.39268,162.09612,173.23465,155.82999,64.48625,52.79066,156.55052,64.29131
DownDog,176.23567,163.33344,168.24705,152.88219,51.96329,52.18493,137.03852,57.11055
DownDog,177.70686,165.26509,163.45594,155.3859,51.10028,56.29007,105.09339,14.15296
DownDog,176.34675,169.84561,160.77965,160.97379,49.10207,43.00083,103.22425,35.36135
DownDog,176.66798,166.35588,164.08141,158.05734,54.93576,86.94827,120.15113,63.83892
DownDog,171.77043,169.21137,165.27077,159.60691,10.59354,28.18604,34.0701,21.71979
DownDog,176.87375,171.18991,172.10887,159.91018,5.03767,15.54001,175.52098,168.59312
DownDog,168.63043,169.56614,158.13037,157.35816,29.40835,20.58083,24.13874,81.28033
DownDog,169.16776,171.69476,157.52835,163.19948,1.03738,17.03115,31.16102,5.91759
DownDog,171.8661,174.30013,164.93416,164.34264,8.64765,43.03201,15.66056,122.63399
DownDog,173.04169,173.95615,163.49335,166.35962,13.84058,45.52506,14.37706,128.28498
DownDog,172.69123,179.92914,160.4052,174.63002,41.82427,82.11805,48.80408,120.75295
DownDog,165.60612,178.44032,159.51187,167.89303,8.09046,10.3986,3.41051,40.74358
DownDog,172.39693,179.73319,159.00535,173.5447,111.27462,151.11445,115.88837,125.78368
DownDog,172.6446,174.99145,163.15267,166.51939,104.90909,119.88861,123.11901,160.84659
DownDog,171.23289,176.6687,164.37116,164.48982,103.94179,116.6836,146.63936,177.14795
DownDog,167.47597,174.86392,158.18836,165.80095,37.80765,50.30577,59.05337,97.5271
DownDog,168.07886,177.71204,160.24734,168.80241,87.96054,105.43702,119.87772,161.55978
DownDog,165.77291,177.97804,157.5699,167.7638,98.44827,84.2947,124.42531,77.07134
DownDog,162.93172,179.24089,146.15738,160.56814,104.09862,52.50955,150.5344,105.46101
DownDog,160.14602,179.8849,144.97679,161.54238,107.19722,116.9366,159.36709,174.70517
DownDog,164.15492,176.48176,152.91522,171.72958,108.61698,119.51815,162.40878,178.98605
DownDog,160.75175,177.67862,149.24763,162.78482,114.73716,142.63736,167.01131,176.41492
DownDog,169.91264,178.53343,163.23906,166.2218,28.76648,87.23048,31.10431,158.90298
DownDog,132.05885,126.17483,168.5515,150.47911,91.6856,77.46419,163.6163,157.10094
DownDog,135.37415,130.61213,168.33616,144.04782,89.45452,74.9424,170.98854,164.90041
DownDog,150.95243,140.28557,169.21471,152.00334,82.63769,72.27339,172.9593,167.51997
DownDog,157.48416,154.87186,170.12512,161.81732,78.08706,66.60124,174.00684,167.50545
DownDog,168.33443,160.69188,177.38113,165.35476,74.50057,62.12011,178.77541,173.74947
DownDog,171.83429,163.25797,176.91163,165.36412,66.55618,55.98943,171.50372,176.06211
DownDog,173.54011,164.32461,177.5664,164.62419,65.857,51.30422,178.39973,172.19379
DownDog,174.31531,165.43974,170.82179,167.22079,63.52566,46.25544,177.69152,174.91217
DownDog,179.43062,163.93162,167.11545,162.43288,34.39753,30.36589,166.44377,177.9837
DownDog,179.37404,170.22087,170.31717,169.92129,24.88363,26.40204,153.23468,171.56819
DownDog,178.27552,168.46626,170.93059,168.72373,33.83355,20.66602,171.99281,178.57869
DownDog,176.68586,171.73426,172.82764,174.0896,13.80724,16.68294,169.76547,175.28602
DownDog,176.88613,175.45719,174.72856,173.3145,19.93485,19.88199,163.75175,177.35334
DownDog,174.64836,170.82727,174.14666,163.44906,7.88577,1.80239,33.03147,22.88125
DownDog,167.97689,172.50332,168.28758,165.09963,2.20537,7.38253,131.1502,52.68289
DownDog,172.27778,174.195,174.23681,164.16441,12.52609,21.23945,41.66379,3.0341
DownDog,166.09409,171.18194,164.7704,164.35035,21.13932,24.41877,37.06377,4.56325
DownDog,174.53075,173.25832,176.15259,166.63038,0.35701,0.28499,123.8624,94.28916
DownDog,157.40767,168.55442,145.83379,162.03588,4.30365,4.06438,169.19227,70.9908
DownDog,172.9485,173.92046,173.42275,167.11377,1.35424,6.65339,22.53008,66.28047
DownDog,170.54481,170.05689,171.02537,164.58277,0.49096,9.39632,149.80326,89.02107
DownDog,174.11835,171.75426,175.94593,164.66915,2.59068,0.53158,172.93181,115.77275
DownDog,169.24747,176.17396,170.37177,170.19955,11.91235,15.06308,172.09603,159.63906
DownDog,166.79903,174.39543,169.20981,166.46103,8.25348,14.08934,177.2717,149.02674
DownDog,164.97218,172.2743,168.2117,165.39136,10.05471,22.81153,156.99269,145.79841
DownDog,164.46818,170.65417,166.12169,164.92283,15.91899,13.65985,157.57532,124.49692
DownDog,160.86908,176.97365,160.86814,166.73033,15.18359,25.54951,166.05573,150.38967
DownDog,160.35351,178.27907,161.37676,171.39267,19.20608,29.39966,172.24893,154.07534
DownDog,161.79126,178.18127,162.60624,169.1981,20.77802,29.45958,175.35334,155.0153
DownDog,159.28632,174.16089,157.85955,171.07805,24.83935,34.93398,174.67837,159.91261
DownDog,156.03287,172.68086,159.30579,170.23683,27.74553,32.16116,172.91034,153.18214
DownDog,147.34203,161.07703,154.65739,173.73644,34.41181,52.30027,165.06903,147.71627
DownDog,126.09406,144.01403,147.82217,179.56314,54.33585,66.02191,168.98395,155.29287
DownDog,122.79709,138.22366,151.54006,179.54808,57.36962,65.58897,164.34217,146.7617
DownDog,125.38077,130.10395,159.73122,174.66763,62.73754,73.50727,164.13444,142.1508
DownDog,116.89786,124.14938,158.75472,172.50545,67.88124,87.98977,153.68499,156.4344
DownDog,119.12058,113.48431,153.23225,154.9724,77.47665,72.89822,125.00786,121.72185
DownDog,127.78845,125.20473,143.28038,153.7143,87.05308,70.14554,149.36399,130.67406
DownDog,145.73819,142.44176,147.56175,153.05246,77.01612,74.67797,158.45571,159.49483
DownDog,158.7559,156.15292,158.858,156.48071,77.89951,71.76315,169.85998,165.72707
DownDog,172.32306,174.89074,178.52221,176.17934,85.63576,63.37745,162.6088,139.79208
DownDog,176.51116,164.86269,178.69364,167.81952,63.32869,53.26611,141.01359,85.9241
DownDog,175.82823,178.42485,179.57255,167.0926,80.23859,75.75685,173.60363,155.03885
DownDog,179.27735,169.17849,179.66036,170.40893,84.98988,81.68493,177.96146,172.30521
DownDog,179.93025,173.51334,176.93142,171.08917,81.42288,64.88533,161.21128,137.73707
DownDog,179.52785,172.25442,177.11046,169.96038,99.25304,67.63612,172.44295,147.92752
DownDog,179.2142,179.414,177.37292,174.8951,79.64218,69.31358,159.33343,146.05913
DownDog,177.22245,179.99563,175.05721,175.99506,90.66847,84.74753,177.85339,174.11459
DownDog,179.65393,173.41915,179.26157,172.26822,63.35399,61.37932,122.53562,109.89077
DownDog,178.73307,177.12597,175.37549,173.60764,80.32673,74.13257,161.07807,148.59328
DownDog,177.95012,177.25021,178.66168,177.95808,75.60846,52.90347,144.66997,97.02673
DownDog,179.14119,177.32272,177.614,172.52222,66.7721,55.62728,141.25245,104.95692
DownDog,178.81704,178.84142,178.3757,172.87911,69.68052,56.95021,155.90339,106.13973
DownDog,179.72504,177.32645,177.88059,170.81562,54.70723,48.97803,116.73431,97.82769
DownDog,179.99195,175.97602,178.05336,169.60191,47.67071,67.40969,107.67336,51.16138
DownDog,176.73324,174.93708,177.61833,170.15053,45.98163,70.27976,100.3524,9.98825
DownDog,174.98756,179.13995,167.40569,173.17085,55.35952,49.27491,110.52627,53.95348
DownDog,175.86135,179.94092,170.44449,174.39517,47.33469,52.91137,97.84392,25.20406
DownDog,174.6183,179.5356,166.07492,172.17754,58.3814,53.45613,128.15289,81.84796
DownDog,176.90155,173.54278,162.4641,169.21297,68.59157,52.88986,175.91366,171.73134
DownDog,177.73448,170.04889,163.46182,166.98215,63.46467,42.48135,173.20856,172.94374
DownDog,177.72973,167.85317,163.2358,163.21225,44.87902,31.4975,156.346,176.06006
DownDog,175.36408,164.5191,166.79516,160.917,45.19467,32.11965,149.9532,168.36299
DownDog,169.14485,157.71203,170.82362,159.37216,42.78466,31.93154,153.3098,175.23889