WarriorIII,128.04919,50.89694,46.77406,86.85607,57.29622,3.94313,118.36218,25.77169
WarriorIII,51.32164,115.85271,49.24315,34.78157,159.59344,86.93233,192.50133,83.94965
WarriorIII,119.53198,55.81163,42.06127,52.67018,151.62671,105.93091,180.41471,116.79077
WarriorIII,141.67023,165.15078,65.2268,128.00006,2.60876,12.05412,126.8244,112.99718
WarriorIII,153.75008,161.06822,64.07536,174.77583,192.01588,46.48592,198.62236,24.87998
WarriorIII,154.75624,155.45823,157.93435,46.955,172.24785,30.08635,174.13461,47.33665
WarriorIII,139.25952,172.35251,123.21183,10.22701,177.78854,12.40812,158.79921,54.85742
WarriorIII,141.7832,177.09645,11.74168,6.89394,195.28048,1.3497,171.24817,76.65261
WarriorIII,168.95422,157.83653,110.83187,59.47526,176.53,41.556,196.02212,62.28848
WarriorIII,136.85893,157.63682,16.28547,7.12784,193.52094,22.97509,175.8474,49.01451
WarriorIII,103.65707,111.71723,41.26273,150.91022,189.89852,103.46435,175.37596,165.51472
WarriorIII,96.43363,146.40968,43.90116,74.63109,198.75759,18.73956,176.51628,0.67939
WarriorIII,78.66174,116.75063,81.21064,34.37218,86.49992,28.23447,13.83917,5.29261
WarriorIII,75.97077,95.66559,69.75547,69.45958,175.73702,50.46517,185.67223,31.11977
WarriorIII,77.01718,86.53994,71.20799,67.35134,173.88848,42.02906,175.32629,197.25448
WarriorIII,70.91937,107.50656,83.1964,57.92183,198.50946,45.64731,178.28041,14.45178
WarriorIII,71.95228,116.66508,80.30058,60.65354,190.10826,27.32199,174.48545,82.49641
WarriorIII,73.02772,115.76478,82.8373,68.29791,191.7283,20.72951,176.04987,73.3089
WarriorIII,77.6192,112.90726,75.65419,97.29745,192.19091,156.10101,177.33834,42.62358
WarriorIII,70.31128,113.53611,76.9543,117.85075,185.75397,53.06639,174.40783,177.35295
WarriorIII,68.28039,118.88255,64.68224,123.56142,184.07888,76.98646,174.05113,173.82664
WarriorIII,72.28337,165.66901,137.25307,161.73753,167.36828,26.93503,168.07123,52.70302
WarriorIII,156.05289,111.89757,161.60705,141.72447,154.70226,31.37039,169.80674,120.12123
WarriorIII,163.72254,131.86294,153.71609,150.86858,147.83215,5.48534,167.33655,80.55419
WarriorIII,189.39235,168.98874,198.51828,165.51853,150.59572,5.9583,166.8153,93.51857
WarriorIII,168.97639,162.71459,157.60672,162.48734,152.8871,95.15799,167.20242,12.29436
WarriorIII,169.04026,161.25293,160.78745,163.41127,146.6024,143.57058,167.08922,33.10396
WarriorIII,172.57057,168.53287,166.79267,168.51295,146.65892,149.24446,165.83894,46.88153
WarriorIII,171.99842,183.12566,174.0673,179.69738,145.52384,171.97782,165.47138,84.8376
WarriorIII,199.35858,178.3374,195.21777,165.31596,136.4945,145.08863,166.58754,54.23824
WarriorIII,171.3923,175.17428,181.61699,165.62606,135.42977,158.8029,163.03871,79.59904
WarriorIII,197.93772,182.86547,192.0788,172.76714,137.53015,150.80326,163.41017,58.48697
WarriorIII,62.13253,169.69542,173.44741,199.39777,174.29038,163.88672,198.62705,190.51523
WarriorIII,177.37513,143.55866,191.30666,167.18062,138.16056,166.76184,167.11706,80.00131
WarriorIII,64.50661,127.6345,193.79129,160.36854,179.07812,160.77226,142.23336,199.34655
WarriorIII,61.38301,167.54337,195.90402,163.49576,198.57889,172.40076,130.15177,167.01556
WarriorIII,56.60654,173.53669,195.07435,49.48069,166.29589,168.18755,173.6442,179.58933
WarriorIII,178.09383,144.08243,164.43891,144.13222,127.86142,156.53334,161.40823,167.6968
WarriorIII,22.60323,49.40813,171.85295,156.37668,195.22179,175.43016,143.58906,158.79471
WarriorIII,24.57886,154.39269,173.07756,34.08379,194.94644,197.94745,147.99234,150.34551
WarriorIII,116.12746,40.88387,191.85975,104.62363,136.3709,159.57799,163.04906,166.38072
WarriorIII,89.73411,32.71794,173.58489,133.72285,142.84412,134.014,169.12889,179.99717
WarriorIII,152.40788,24.39038,140.18452,158.20231,145.32161,129.47009,167.46532,173.20683
WarriorIII,70.62671,37.48683,178.68713,138.28607,142.44227,135.64079,169.23663,175.43696
WarriorIII,94.04008,40.7986,110.45374,105.40898,133.6488,134.53602,154.97309,195.93396
WarriorIII,107.9595,39.40964,113.11512,155.61037,175.96228,173.88995,128.49354,185.1515
WarriorIII,27.00946,87.99005,174.21726,136.74281,61.75949,53.16153,67.04797,30.35201
WarriorIII,139.91281,100.21978,100.38141,127.56536,45.18873,110.28799,155.67088,22.9539
WarriorIII,1.04046,15.61627,117.64368,54.81134,62.21598,93.60118,28.18716,30.79779
WarriorIII,48.2419,28.87219,91.90913,21.55903,88.89252,125.42056,21.20896,129.69326
WarriorIII,153.66685,137.30624,78.32312,110.28446,158.28841,184.20053,109.15271,163.23835
WarriorIII,132.15094,194.72416,169.4178,174.79481,12.24508,6.3143,151.66145,170.61725
WarriorIII,75.01394,0.23851,139.67174,134.82255,22.53858,192.90583,196.15852,144.22988
WarriorIII,133.71873,141.85831,103.54821,70.94106,111.99015,152.85835,192.02925,170.7861
WarriorIII,7.97612,150.00793,185.64396,197.27111,112.73715,150.61348,188.92357,176.35709
WarriorIII,134.24311,153.21172,142.43779,170.62014,112.42693,150.48762,185.30913,196.46217
WarriorIII,159.6222,160.20342,199.18934,163.53344,108.12823,156.68579,187.00449,197.84757
WarriorIII,162.70451,162.41488,177.0926,162.97558,105.23567,159.39712,184.05726,178.42919
WarriorIII,23.1706,159.52888,153.83243,170.09199,115.85091,152.03757,185.63994,199.35108
WarriorIII,165.47248,162.81686,179.04214,169.3223,101.41416,157.59228,182.83553,198.73538
WarriorIII,178.05108,161.44985,176.21093,168.70302,102.19907,157.46139,180.51507,198.5807
WarriorIII,162.33998,163.24153,171.18522,165.50418,102.21761,159.69801,179.70259,199.201
WarriorIII,104.37144,164.17355,126.64185,188.86468,97.37538,155.17198,178.57482,194.30155
WarriorIII,161.53935,168.98603,186.49423,190.02217,97.97428,160.4665,177.43679,196.72768
WarriorIII,166.11961,168.42286,196.31461,199.06502,94.43933,157.48352,173.45923,193.95439
WarriorIII,164.08,161.80252,193.28181,191.04347,94.11667,156.03989,175.553,195.64572
WarriorIII,157.33799,159.36821,165.20626,167.10058,94.16743,154.11703,173.56199,171.42136
WarriorIII,157.58056,159.3675,175.26898,171.38144,90.73048,156.06376,169.36608,197.74712
WarriorIII,164.47229,168.78081,187.25292,191.23002,92.06014,159.05835,170.06574,195.47407
WarriorIII,162.80976,166.16956,193.62063,189.59132,95.30782,161.4115,170.84469,178.16596
WarriorIII,161.41096,164.73236,192.79572,192.0568,98.29106,191.23804,170.74252,161.21918
WarriorIII,157.21865,163.67126,188.62205,191.19775,99.65738,192.12977,170.89483,161.7968
WarriorIII,159.69978,163.44417,189.78275,188.96833,103.52003,191.87922,172.17523,161.80705
WarriorIII,66.45052,8.15921,94.47628,173.22291,85.49743,173.12934,169.75467,148.94371
WarriorIII,70.48782,6.08603,85.11071,116.72,60.21844,199.63318,164.97855,170.40747
WarriorIII,67.00952,10.90668,85.90535,138.92225,167.97648,173.89455,183.11389,170.28431
WarriorIII,72.83267,27.52908,83.24307,162.80071,36.45201,158.40259,142.37959,187.27949
WarriorIII,70.42748,23.02312,85.78334,169.33309,32.21489,164.07489,136.17245,189.16972
WarriorIII,57.34086,28.73783,92.7186,182.58191,4.88605,177.26238,144.65422,178.9473
WarriorIII,7.78509,70.69114,102.47367,78.70451,166.0085,157.19197,137.43579,164.40238
WarriorIII,8.24029,70.99544,101.19262,75.68966,98.23389,147.75799,86.42154,197.03464
WarriorIII,44.15964,28.80983,130.8245,183.56008,153.23381,164.29896,177.60753,186.10622
WarriorIII,53.87495,24.47381,96.88036,97.78517,113.75158,198.36258,147.26975,199.53483
WarriorIII,52.33754,21.81279,102.71528,103.7224,21.21179,197.68038,24.68573,199.85072
WarriorIII,45.18903,28.55967,37.36504,63.51183,23.4098,192.59286,5.27015,176.46275
WarriorIII,45.2144,30.46142,27.37454,57.44405,22.21491,185.02158,21.8993,168.44111
WarriorIII,43.55795,28.19423,1.08945,63.65573,9.97772,188.41817,19.88919,174.96902
WarriorIII,43.16631,42.58571,14.90591,9.45593,1.69853,180.11355,33.71744,177.26745
WarriorIII,62.88761,62.89478,3.69996,9.44288,1.79657,182.40382,53.49689,174.48598
WarriorIII,65.90166,72.82028,2.19481,11.15352,6.15057,184.25311,28.52506,172.76157
WarriorIII,68.98986,76.59608,12.96871,11.60008,84.65419,169.89115,136.78192,164.10369
WarriorIII,77.42271,83.95623,1.65603,1.26005,128.74448,180.31341,89.56569,164.84594
WarriorIII,78.99723,87.71537,2.24802,0.68449,37.82114,180.6309,63.96413,166.07907
WarriorIII,97.19559,102.15081,28.51526,33.79697,195.15293,179.97815,161.46121,167.41409
WarriorIII,109.95756,141.52523,70.39414,47.96424,14.27431,179.63713,10.14339,170.46062
WarriorIII,117.18439,147.48078,82.25028,60.67907,4.81549,177.92607,22.46582,170.55892
WarriorIII,124.17779,145.22313,92.76158,76.70792,10.22562,181.85924,148.27859,170.12649
WarriorIII,143.70444,171.38302,131.91694,120.13113,4.96911,187.20384,181.34007,179.84895
WarriorIII,163.82446,191.60071,168.44141,152.16079,7.49165,185.63702,90.43711,179.29259
WarriorIII,173.17655,190.81544,198.11977,167.79317,6.00159,190.27934,87.04548,177.33721
WarriorIII,173.8148,196.36999,174.23813,174.18901,5.94835,185.47704,175.14983,174.83111
WarriorIII,172.51075,195.81892,197.38343,172.48115,6.76225,182.53669,186.577,171.31853
WarriorIII,175.13478,193.16433,179.14616,170.46853,11.97222,182.67332,195.8587,168.56773
WarriorIII,162.55446,179.02308,183.68958,197.7893,16.75732,179.44965,183.08289,171.70603
WarriorIII,166.0778,178.57886,189.16468,193.87743,9.62833,180.10055,175.25256,171.25222
WarriorIII,166.87975,179.31341,190.40192,193.73339,15.99209,176.92864,179.87657,171.47683
WarriorIII,168.2585,178.37733,187.66798,194.76449,19.01782,181.30207,163.55272,173.79659
WarriorIII,165.69183,174.67811,190.8396,187.0645,18.50909,183.58788,175.00215,198.93824
WarriorIII,162.21729,173.24968,188.72463,190.09835,22.79932,182.37259,156.43184,199.106
WarriorIII,162.85105,175.75998,192.31162,194.27167,26.82577,181.32088,154.81514,179.37967
WarriorIII,163.33495,172.61596,196.96465,192.11831,29.48146,181.52825,163.77548,198.27283
WarriorIII,163.61581,173.73192,198.37304,194.33272,34.86195,183.02245,195.66092,176.89081
WarriorIII,160.27249,172.64928,191.12616,192.58121,39.32734,180.15314,199.93485,169.48603
WarriorIII,159.3202,171.91957,189.8784,193.59627,42.96447,178.36077,192.63803,167.90371
WarriorIII,164.30374,174.17009,193.56396,195.10554,38.44823,195.14146,191.34755,192.62159
WarriorIII,5.72637,91.27594,184.12007,61.11353,121.68245,162.86474,189.72838,164.22803
WarriorIII,0.12057,79.38827,179.20077,66.52837,122.57472,173.76668,193.82774,184.66995
WarriorIII,23.81028,119.5087,177.32102,74.54602,124.3622,116.86397,176.89982,123.08198
WarriorIII,0.18981,92.22566,180.71601,69.24929,122.03114,153.59624,195.55113,197.20989
WarriorIII,46.25232,89.34349,178.05765,74.76594,119.83691,149.75222,195.09812,173.35712
WarriorIII,2.6529,100.80375,174.39626,52.95452,131.54076,117.20279,193.99088,172.80595
WarriorIII,0.64156,100.8029,171.22044,58.72224,131.84263,117.56029,193.60069,157.19885
WarriorIII,23.23225,104.94884,147.29227,34.78045,134.34909,139.71427,193.84043,160.91934
WarriorIII,25.52752,119.185,148.13045,52.71641,143.78003,136.89153,179.24709,141.52742
WarriorIII,124.46371,121.20299,70.64835,51.2951,149.64028,151.2201,199.98612,102.6281
WarriorIII,43.37648,124.5079,135.22724,55.29954,142.81336,100.80356,195.71687,47.42409
WarriorIII,66.0813,130.738,142.19166,64.70798,151.85381,131.61237,196.47175,109.81615
WarriorIII,131.50562,128.06243,69.45434,65.1035,153.04521,95.05688,196.18745,118.15054
WarriorIII,142.5015,120.19642,57.10566,66.49809,154.86166,71.51097,197.46076,13.37543
WarriorIII,130.61339,117.0753,64.91311,68.34299,157.88692,131.40997,197.71463,49.37046
WarriorIII,124.37035,112.12119,68.13482,67.90865,157.99343,73.77969,197.94928,56.60458
WarriorIII,93.86375,78.97598,91.42159,59.96745,167.88658,131.8537,178.26599,24.84818
WarriorIII,96.52065,81.91505,61.54113,35.86422,166.00803,145.71381,179.23839,5.48316
WarriorIII,97.44818,86.56246,54.40117,29.62196,167.49,157.63174,177.59716,7.02853
WarriorIII,100.19936,88.66521,37.77923,17.47466,168.35533,169.11891,177.74934,19.02015
WarriorIII,104.37921,92.57333,29.63225,22.49103,171.17728,181.83563,176.07082,54.04842
WarriorIII,110.06193,125.55524,114.90016,0.95987,174.95997,141.76731,176.57969,3.04698
WarriorIII,102.65111,105.88633,53.29916,44.83915,179.44649,111.89241,174.14262,4.52009
WarriorIII,101.8755,106.53025,67.03405,71.9135,198.14034,68.24951,175.76294,9.14701
WarriorIII,102.61744,139.26101,77.67579,92.65347,196.20846,98.41806,176.52519,6.4177
WarriorIII,125.77556,166.11348,118.84279,151.9371,191.60121,9.40107,176.99702,87.59285
WarriorIII,139.23818,170.73031,138.36509,155.29543,191.41271,1.74852,179.10502,114.5725
WarriorIII,165.03403,119.27276,175.65713,124.60409,158.82047,17.47659,175.73201,182.2149
WarriorIII,110.89493,180.70568,103.4872,156.88015,156.06349,56.00681,172.55093,113.13849
WarriorIII,143.77346,184.31068,141.3753,170.43318,156.18762,126.83664,175.99533,128.25148
WarriorIII,194.54214,183.10277,127.34243,163.44703,150.26647,105.00139,174.48834,188.4291
WarriorIII,127.52466,110.76313,196.29211,180.89804,151.41444,165.88329,168.82454,174.56204
WarriorIII,189.31827,183.04605,153.5466,134.0883,132.05834,163.17217,168.52102,179.79934
WarriorIII,141.21852,61.05741,199.98188,153.94178,140.6953,158.77333,163.98322,175.67912
WarriorIII,189.01503,151.25695,171.35653,155.30612,127.21641,178.31209,168.71787,159.85972
WarriorIII,192.55878,160.767,175.45369,174.4597,127.4783,165.91021,164.10942,174.58258
WarriorIII,188.45855,157.46161,128.85257,129.06453,129.3762,167.56801,162.88684,167.46304
WarriorIII,175.11059,144.67989,156.99792,159.16838,133.52535,176.92631,165.67855,160.16986
WarriorIII,47.17895,91.04959,179.77075,59.10148,69.29646,179.28049,184.01575,150.07046
WarriorIII,18.63521,82.02607,175.22491,60.47054,194.348,105.5779,168.66971,132.24407
WarriorIII,65.33176,33.36298,109.44892,178.96674,193.67653,44.3666,154.51338,171.64344
WarriorIII,62.2359,16.86541,78.77375,145.80262,186.91722,36.55327,147.60004,170.51131
WarriorIII,61.84674,5.70842,77.75246,141.40354,193.99811,35.53692,158.17671,176.61229
WarriorIII,63.10971,4.00574,80.10856,148.25004,171.36597,37.93321,198.84093,172.986
WarriorIII,63.50182,1.45387,79.27656,157.11911,193.61448,34.329,153.57289,198.70129
WarriorIII,61.40754,14.43084,79.43815,126.08732,193.12661,36.66173,153.35972,179.00527
WarriorIII,61.33547,10.92184,79.56216,141.05532,194.58563,40.50502,154.54576,199.80275
WarriorIII,63.09931,19.7117,78.18362,159.38749,196.62171,43.31339,154.04904,175.43519
WarriorIII,65.20701,26.0321,69.64451,112.02223,114.16645,161.76886,158.89173,146.80043
WarriorIII,66.60631,65.62939,66.69848,121.13513,45.26635,173.13304,146.49626,174.41556
WarriorIII,64.08046,31.434,66.09781,120.41799,35.46463,176.64296,118.85972,171.65421
WarriorIII,61.42222,27.95162,56.04366,124.70218,42.95258,199.37751,120.33024,169.46661
WarriorIII,59.51477,56.53907,55.06036,136.49376,41.87828,176.6656,109.05076,172.79214
WarriorIII,62.91976,23.50101,50.7827,108.31333,55.54957,178.29108,140.52854,170.66791
WarriorIII,80.25892,53.55447,23.26598,101.26192,192.66534,17.11642,156.77527,104.51267
WarriorIII,166.45084,95.74535,58.43503,66.18023,62.95671,196.46711,153.27646,159.71177
WarriorIII,168.72118,100.40762,55.38814,71.96296,67.71504,192.98598,169.23293,158.27192
WarriorIII,197.67869,99.84846,97.44558,83.01101,75.35924,179.93389,169.90871,162.95804
WarriorIII,192.48173,116.80089,114.6115,106.72938,77.94705,199.82575,178.57084,165.86514
WarriorIII,187.49245,136.36014,132.38554,123.21081,71.89478,194.1311,177.51137,162.79209
WarriorIII,197.05315,154.12242,143.75566,143.53945,77.39492,179.01007,189.67408,169.63673
WarriorIII,188.28212,167.01816,173.07506,152.78128,83.1715,179.47255,196.02706,172.91576
WarriorIII,190.44941,163.28328,183.87171,147.67956,137.79496,32.25583,136.65055,187.24471
WarriorIII,187.33781,174.32817,188.01452,152.57162,165.95495,8.91888,167.0243,173.26145
WarriorIII,186.24885,168.81056,188.01034,171.36952,109.96437,176.99052,161.70764,178.27185
WarriorIII,178.26528,185.31313,184.5589,171.09922,198.32423,158.20947,187.04715,134.37579
WarriorIII,186.80673,151.62725,193.41733,141.75151,146.22908,179.0323,147.04029,135.42171
WarriorIII,111.09287,47.30698,166.38519,134.58295,140.24774,51.20364,189.55634,130.07925
WarriorIII,136.29156,36.83781,176.24494,113.67865,132.44313,28.81528,194.97658,174.70527
WarriorIII,100.01798,90.15632,166.51015,132.37337,151.30794,2.05948,44.88298,53.21003
WarriorIII,145.87092,114.66824,113.79167,141.79984,183.62908,176.96143,191.62411,139.82084
WarriorIII,158.62052,142.4601,151.14514,188.77842,52.6024,156.8356,134.77536,195.37563
WarriorIII,168.22353,147.75164,164.52987,192.71769,31.64058,162.64952,198.79845,197.60762
Tree,42.90871,32.75178,34.95682,24.7125,175.45373,136.01941,179.77732,21.87298
Tree,42.8949,31.94915,32.98696,21.22671,174.79193,136.9282,199.41279,23.9665
Tree,39.75938,31.26554,34.25775,19.2728,173.78555,137.71677,198.88746,24.56163
Tree,40.45627,31.39878,30.91105,19.48178,173.58985,137.45438,199.71354,22.19711
Tree,39.37709,29.32634,31.77549,18.63786,173.49553,136.59174,179.68574,20.62051
Tree,28.85401,24.36225,38.0019,15.38479,174.13406,137.7112,179.13861,23.66661
Tree,27.5928,25.99349,40.1231,16.20156,174.31228,138.32794,178.29564,22.10458
Tree,29.15333,27.8025,41.43434,13.09009,173.32462,138.30685,199.8054,24.08632
Tree,31.03034,29.21832,40.35734,12.16394,173.44116,138.36218,179.83513,23.70719
Tree,24.89037,27.2336,45.97122,14.37114,173.54467,139.51417,177.74761,25.39028
Tree,23.22393,28.00062,46.35049,10.8368,174.59354,140.52536,179.14552,24.0679
Tree,15.62133,27.34177,48.66755,10.07458,173.87205,141.89903,199.72807,24.2979
Tree,14.25638,26.89461,52.35807,8.32379,174.19104,142.64807,179.8846,23.8027
Tree,0.11557,32.53124,59.05678,0.16812,173.38148,143.13247,177.34074,26.88024
Tree,8.38905,36.26276,62.11148,4.02256,173.63019,143.38009,176.57956,26.57143
Tree,32.62804,50.62496,85.02135,11.36461,172.43511,141.94278,178.15097,26.92257
Tree,33.1265,57.50451,84.78744,14.33553,174.11672,142.42741,176.7026,25.79477
Tree,61.10544,70.1008,100.75487,32.78817,175.42268,143.00648,176.71847,27.68243
Tree,72.83918,88.12834,112.65653,50.6954,176.00258,144.15394,176.2426,29.38693
Tree,128.33607,126.08239,144.54132,68.99013,175.56016,144.38493,176.07948,29.94399
Tree,132.48053,129.43476,146.45452,74.77574,175.59093,144.97314,177.99523,35.18863
Tree,139.81458,133.58519,151.34235,81.46834,177.2075,146.15401,176.3243,29.80586
Tree,154.74301,134.43506,163.78624,81.616,177.26185,147.82069,176.48921,31.25617
Tree,164.59021,139.93638,176.33811,86.5211,178.39171,148.23508,174.7585,33.22911
Tree,187.75719,167.99116,178.98232,120.391,178.0288,151.1224,175.22257,41.70443
Tree,187.17187,172.22607,183.75751,126.35005,176.41183,150.55864,174.87842,36.8999
Tree,187.65177,179.23033,191.321,135.83008,179.34964,151.15854,174.38063,38.85993
Tree,184.67016,185.74522,178.85882,152.94912,177.67789,154.22204,173.45504,31.55545
Tree,182.94202,191.87766,174.43171,165.90849,176.38597,154.31645,174.68539,30.82366
Tree,184.66884,192.87628,174.75273,170.09138,178.32145,154.94606,171.59361,22.29994
Tree,186.28014,198.42668,178.04641,173.47242,179.03179,155.2885,171.14061,22.80304
Tree,186.41066,189.3907,175.41197,159.67751,179.40579,154.51158,171.08102,22.33923
Tree,30.22383,33.85739,25.55146,18.28816,127.65023,193.0558,54.6853,163.17718
Tree,19.49967,34.28163,31.22938,17.06464,133.13728,193.60297,76.03823,163.35597
Tree,7.20763,33.47246,41.75571,26.01661,125.58697,196.93707,43.91966,171.08257
Tree,8.46057,30.67062,49.68708,29.71149,195.65968,137.52922,196.77384,80.46242
Tree,4.00734,29.98441,52.02215,34.03184,197.62068,120.18182,196.65407,29.37623
Tree,5.40576,30.18562,58.76484,38.80377,192.1121,124.46753,178.60719,75.35744
Tree,0.07914,34.88692,60.47973,63.72714,124.09452,155.06592,65.02029,149.7242
Tree,0.90071,30.3438,58.26351,40.78033,197.00256,123.76547,193.32367,56.87125
Tree,3.84616,28.84087,63.51395,43.70408,196.54142,131.15798,196.80556,32.70967
Tree,5.41606,30.42451,137.6751,46.09954,195.24552,129.59066,185.89364,26.43397
Tree,12.16601,30.14732,60.61004,47.18774,178.93479,129.26783,191.34694,30.76049
Tree,8.11816,29.07944,119.20311,47.71203,179.6955,126.6047,193.06065,30.09363
Tree,5.79446,29.79321,97.50451,48.80186,178.90757,127.52481,191.74507,29.87955
Tree,16.45874,29.27139,52.77267,49.8236,197.98132,125.24227,194.54471,55.63437
Tree,12.5517,25.95201,52.6351,51.81621,179.98296,126.09388,195.03651,53.15679
Tree,6.56453,23.53154,31.82249,41.02883,198.2482,131.75115,196.91104,35.92063
Tree,18.6238,27.12981,68.74472,44.30968,199.8554,128.84593,194.04013,61.07931
Tree,16.09806,28.49597,69.50298,52.04405,198.16378,132.43663,197.07002,60.15322
Tree,1.58956,31.56648,152.60171,44.77228,178.04748,130.72348,193.88976,35.49401
Tree,5.87959,21.48319,173.88282,32.43759,197.20258,138.34161,199.95786,34.2298
Tree,38.43258,45.62922,32.63886,29.32981,196.44665,133.68374,179.5571,59.33596
Tree,66.73384,51.39236,69.21928,42.58175,198.62579,137.7798,199.96405,32.46513
Tree,62.42212,62.1025,43.40995,42.51255,198.91844,131.84019,178.89555,34.68383
Tree,66.19155,71.78086,65.83393,53.48304,196.7201,137.24555,199.96506,39.2992
Tree,68.06664,72.69232,68.05873,51.64226,197.47186,138.9373,199.60283,34.58494
Tree,68.88733,80.35097,74.70272,54.66814,194.18222,142.35675,178.46583,30.19456
Tree,89.38906,78.11467,127.57257,58.74124,197.6315,147.96236,199.14842,43.30777
Tree,86.81131,73.72593,173.13038,111.14067,198.51228,141.75426,197.44374,45.54527
Tree,81.81292,77.13111,191.13121,166.70152,196.12468,145.95362,197.66197,70.29423
Tree,48.76244,84.63798,169.52353,190.28142,195.82136,150.60522,195.28366,44.26417
Tree,68.02103,140.37358,168.12822,147.09688,197.63468,157.38684,196.43207,35.69856
Tree,22.33936,146.16099,141.21697,136.69194,197.9839,156.63296,194.93759,38.3543
Tree,156.95006,146.86325,107.42566,144.96396,198.65438,162.16889,195.39759,37.44916
Tree,18.05978,149.72606,174.89279,151.33747,177.45367,166.30452,190.15592,35.88401
Tree,164.17388,155.98814,131.03762,159.64284,177.22161,163.77608,190.37857,36.82693
Tree,38.94434,159.32416,153.69996,169.81586,175.90562,166.05119,188.07725,37.65781
Tree,169.35724,160.62793,154.63221,172.9025,174.69381,168.0771,186.54062,34.19471
Tree,165.11763,160.75509,172.75136,172.25983,176.26479,171.40198,177.47518,136.25541
Tree,161.82654,157.73851,144.05255,177.68668,176.31452,175.24501,133.6953,182.41649
Tree,160.17832,159.76224,164.88412,176.509,175.93191,178.02255,58.30925,187.08801
Tree,163.07565,159.66059,176.47411,177.51692,199.6908,178.81562,52.06859,189.32613
Tree,5.26471,160.4367,175.59673,176.99598,198.36228,178.67115,58.70056,189.36503
Tree,40.58515,161.2521,106.90756,173.36406,194.80253,197.92595,77.57305,191.78381
Tree,164.94447,159.28875,171.04723,178.67261,195.21221,199.62585,48.73806,191.628
Tree,150.48968,160.85982,192.38734,176.14887,195.35458,198.75992,45.46682,193.5382
Tree,164.19448,160.7197,172.17755,176.97459,193.23572,179.7948,52.96631,192.64327
Tree,165.26903,157.8366,170.9606,199.6952,193.37351,197.35357,179.96094,185.22302
Tree,164.92689,159.6369,175.44082,176.59627,192.31629,197.31338,179.91801,153.43542
Tree,11.5368,163.09225,14.10506,187.25953,176.50569,167.12989,142.36669,140.03842
Tree,0.62364,21.91751,10.98959,23.17587,183.53848,179.34675,149.7043,144.15399
Tree,3.13956,65.47347,5.06071,107.59923,173.71962,177.22259,132.20612,154.6771
Tree,0.46412,33.37634,22.49073,133.8019,168.41176,175.48712,119.96419,155.27731
Tree,171.89095,178.2034,169.5079,166.71889,193.94228,171.93457,198.50278,12.90147
Tree,163.28302,198.67904,197.15211,164.73112,195.75202,171.33017,196.71526,10.52908
Tree,195.12954,196.14774,185.30116,165.79751,194.24148,171.06422,197.48517,20.45961
Tree,14.56121,195.10174,118.81266,169.88013,195.94097,169.129,195.98639,19.05469
Tree,176.06623,189.44247,188.71365,166.40748,196.26533,168.88415,196.92296,27.39367
Tree,160.46886,189.66379,184.74762,161.38126,196.7942,166.60873,196.39708,15.22511
Tree,176.47914,191.73764,185.11214,156.45529,197.43437,166.28824,195.48836,16.28495
Tree,15.86445,194.45899,173.98396,158.4855,194.95294,162.36079,195.63395,11.89761
Tree,41.46559,31.91882,79.12509,65.53383,171.42338,136.01752,185.32035,108.95015
Tree,38.56528,32.21476,55.17914,60.8998,170.17552,136.21644,183.20037,186.39643
Tree,37.04146,30.42989,55.96201,61.08548,171.56101,134.25532,182.51908,13.16098
Tree,33.47108,28.91019,56.10862,58.45286,173.9391,135.62733,190.28711,22.06172
Tree,34.54866,28.13789,56.09652,55.20075,169.63563,135.35346,186.31822,17.89203
Tree,35.5946,29.96623,52.67151,58.33406,171.411,134.58747,188.80471,19.38836
Tree,34.97797,28.72133,55.22042,59.18495,172.07094,134.75092,191.74242,21.65593
Tree,32.38141,28.23979,55.1892,56.48131,173.25594,134.25406,191.62027,14.38027
Tree,33.43608,31.11667,52.7972,57.92016,173.25431,133.33179,190.84795,11.48508
Tree,30.55013,30.24329,57.63948,57.78269,174.25335,132.11985,190.18711,14.98969
Tree,32.74027,29.99943,51.61656,52.69476,169.93086,132.66699,187.00102,11.81284
Tree,32.89459,29.19206,53.28842,51.65947,170.89125,133.18643,187.0007,10.98731
Tree,32.32844,28.65744,54.03581,55.74826,170.93597,134.02709,188.74166,12.91369
Tree,29.82702,28.74843,51.6637,54.28031,171.46867,132.76016,190.29629,18.37562
Tree,28.75865,29.2264,54.57407,51.95056,169.70873,134.98276,188.71544,23.69823
Tree,29.09487,29.53513,48.82656,49.71643,168.46951,131.32006,187.31233,28.45031
Tree,26.08753,28.57755,46.22102,44.5641,171.01177,132.00459,191.69032,30.1721
Tree,20.64778,32.3691,42.38208,36.91617,169.95927,125.99226,190.46728,49.22829
Tree,20.52929,31.83539,36.81433,30.92556,172.90437,136.87038,176.49112,59.28896
Tree,0.1121,0.75944,20.61393,23.74938,174.50585,125.55369,183.38514,31.1081
Tree,8.36956,57.8573,36.91992,3.0244,175.52408,126.57824,191.72374,24.04171
Tree,50.05248,74.51862,89.21339,24.94781,169.58029,136.0797,198.03578,8.28509
Tree,173.15565,169.34563,150.94474,184.32976,189.98938,176.05747,148.07597,175.36512
Tree,169.20441,136.98093,192.09981,64.01436,177.98393,127.71877,195.51462,38.37602
Tree,45.37475,39.46428,49.67066,39.54093,171.34111,130.30726,179.50235,13.30694
Tree,40.28805,37.66122,45.82755,34.10471,171.28782,128.1272,178.80241,11.99936
Tree,33.71048,35.90612,49.30929,31.26061,172.82644,127.62271,178.45328,20.31269
Tree,33.10579,33.74258,51.96105,30.05286,171.89776,130.67167,177.82501,20.9964
Tree,31.88375,35.18736,52.05215,29.88457,171.14968,128.17513,177.33575,18.23912
Tree,30.70056,36.73179,51.78765,26.37034,171.59556,130.08589,178.70798,24.66815
Tree,29.197,34.18989,55.50569,25.87606,170.53476,130.48942,178.35417,23.77996
Tree,27.01819,32.63974,55.82574,22.38052,170.55652,130.10021,179.62408,25.9845
Tree,24.88068,32.79552,57.09268,22.84021,171.44663,129.27897,177.38552,22.71472
Tree,22.12166,32.43953,59.69176,25.74145,171.46224,127.66255,177.92485,21.77993
Tree,22.27447,29.91857,59.99526,27.93155,170.99729,130.32349,178.54442,32.83663
Tree,19.75132,30.6145,63.98406,23.64035,168.74215,127.89655,179.09679,28.45561
Tree,15.67695,28.79276,65.68999,17.26967,169.48665,129.89594,179.25087,32.87495
Tree,16.58858,29.38763,64.70109,19.48371,171.26794,128.54296,176.80056,36.45455
Tree,12.8903,29.90043,67.5249,27.57918,171.50948,130.28298,175.95048,39.38931
Tree,7.01329,30.71106,66.308,19.46174,172.32474,126.30517,176.08341,40.85335
Tree,0.2973,29.92502,63.40103,11.04749,172.15988,124.30852,176.00935,35.52602
Tree,4.9146,30.82659,64.54817,15.24488,173.1859,127.7643,175.28568,43.771
Tree,12.18267,32.31699,65.38104,5.0608,172.40447,127.73079,177.5177,44.90252
Tree,22.77828,61.5426,68.68897,28.02039,175.26028,122.63316,174.08615,40.92953
Tree,40.69781,70.41778,86.25691,41.53651,174.17789,123.2471,176.00235,44.26081
Tree,59.93487,79.78302,101.07414,54.91762,173.74588,121.29853,174.94985,42.09466
Tree,69.74215,81.93014,111.165,55.99569,174.71055,121.63509,173.48944,45.63306
Tree,111.13096,125.439,126.38841,88.07618,176.83895,121.30774,172.71251,40.55618
Tree,121.88501,133.39639,132.38458,101.47698,174.76327,124.10206,173.68133,46.41944
Tree,128.14649,139.35485,133.2305,112.82398,174.94348,121.59171,173.57092,43.21751
Tree,147.55554,138.36733,155.12462,119.62809,176.24579,122.24105,175.82001,44.20731
Tree,147.35722,148.19565,151.47276,120.47579,179.87988,126.24935,171.90326,52.77603
Tree,152.52465,153.56061,156.13183,132.60318,177.87792,129.47416,172.20906,57.05949
Tree,180.28071,134.87912,160.38909,157.83627,194.00014,184.59364,166.64926,188.87967
Tree,169.76953,170.67487,171.99697,160.49526,176.81014,138.07533,173.53561,76.13294
Tree,173.91946,175.23855,174.10099,169.09533,175.23052,177.09432,173.73283,121.72185
Tree,178.18915,184.49559,178.52422,198.80049,174.06313,187.38794,175.63173,130.34744
Tree,178.1397,183.78112,178.37937,197.84642,173.96351,188.64426,174.34123,129.67659
Tree,178.70108,182.40168,177.86699,199.15333,175.79813,179.87437,171.16205,160.55598
Tree,75.24577,4.98816,88.14201,183.58389,175.20096,193.46318,174.10556,186.31687
Tree,178.17953,185.38567,177.07759,199.09578,178.35645,199.09442,169.42694,167.25316
Tree,176.88985,180.33677,176.49159,199.01729,172.45191,168.51759,175.75696,170.89901
Tree,56.7615,11.04423,137.89282,61.027,177.43571,167.71791,183.91469,179.29391
Tree,59.93492,11.22934,126.42711,60.24974,199.36208,171.73168,191.15858,47.82852
Tree,58.90012,9.242,118.7472,60.47302,195.73056,160.36571,198.74082,0.00807
Tree,57.06564,7.38663,106.8063,59.84234,191.41517,156.69402,173.92949,4.50339
Tree,52.81626,8.02059,89.33092,59.98352,187.14362,155.4606,159.56319,7.10258
Tree,52.20584,7.5519,81.59908,58.70635,187.42934,152.54642,160.57271,4.29547
Tree,50.92507,8.47465,78.82331,59.10856,189.55015,150.69546,166.62428,3.15418
Tree,50.94489,9.23814,75.39402,58.64567,192.128,151.97338,166.86721,1.88629
Tree,49.16503,10.40013,78.85484,59.35213,193.0737,151.54043,169.96928,6.16753
Tree,49.38161,11.07111,70.92179,58.32886,198.76548,148.26218,178.19664,9.33319
Tree,49.23647,12.98187,70.19078,58.94432,198.51181,150.52248,179.92679,8.29297
Tree,49.30694,15.33826,68.25207,58.42866,178.41383,143.62068,198.48952,3.83474
Tree,49.02496,16.19021,44.38163,56.08193,179.29109,142.43193,198.96671,1.59611
Tree,45.3248,20.46962,42.84039,51.44841,176.32599,138.25815,196.96709,5.84505
Tree,45.07715,20.14007,41.84572,50.70021,175.28705,137.22322,196.81744,13.90342
Tree,46.04986,20.75528,40.72136,49.3535,175.30906,137.24198,197.25171,5.55751
Tree,49.61509,20.85118,35.76333,46.92445,174.67091,135.40693,197.56051,8.84793
Tree,52.33849,20.1553,23.25198,41.21553,174.97714,135.50822,196.50345,14.73395
Tree,55.62126,15.33143,7.02725,35.86795,174.3174,137.86115,195.92005,13.82585
Tree,58.03306,13.42412,0.75995,34.68189,175.79348,138.61863,197.53643,20.33781
Tree,63.36462,10.97139,5.03847,32.72302,175.75155,138.84566,197.78318,21.52291
Tree,66.00978,0.53272,10.18183,40.93629,176.83958,136.81601,197.73439,21.12114
Tree,69.81808,6.18571,13.70616,52.32759,178.26051,136.13372,198.45064,23.12028
Tree,73.14212,12.81677,21.84206,55.47434,177.93944,136.26541,197.96264,19.06684
Tree,82.26721,39.90686,30.78546,78.61907,175.43063,133.53143,197.3151,18.98789
Tree,100.58355,165.41422,70.04988,102.51466,178.48626,133.37382,198.437,22.54954
Tree,110.08636,153.91359,76.36597,97.08632,176.23852,135.8919,196.41522,14.84035
Tree,127.50935,186.17847,95.34669,123.05164,179.13825,134.53556,196.50044,14.60318
Tree,143.92112,189.21984,115.83421,119.47695,179.46983,134.08754,196.88859,18.44458
Tree,152.20699,190.65076,121.62734,121.16498,198.80854,135.27216,199.46526,18.65411
Tree,167.09835,193.7908,143.80982,139.23078,179.00729,136.17479,179.48312,18.67416
Tree,171.81234,198.4941,155.4803,147.98306,179.5728,136.18676,179.63474,18.00255
Tree,176.75942,197.97264,166.4259,149.62207,199.67563,135.83364,197.64245,20.50503
Tree,198.28428,197.64662,180.48917,153.00399,199.10119,137.52594,199.47453,14.02385
Tree,194.44353,199.40016,186.76828,156.86231,179.47178,136.50969,178.91417,19.25617
Tree,193.91147,197.14242,190.50227,155.21844,179.5155,138.68279,179.10958,18.86547
Tree,194.22998,195.19374,189.87361,152.91911,177.5335,136.68355,197.12252,21.39035
Tree,192.7032,195.35983,187.64292,152.83492,178.16721,139.0723,199.06802,7.8801
Tree,193.57506,196.49931,191.4258,155.84754,177.19849,138.91043,199.40341,18.28928
Tree,194.72408,199.85465,191.14725,157.98208,176.77159,136.76593,195.97138,26.01723
Cobra,72.19552,69.78527,172.81796,192.97523,44.37847,6.42799,192.05627,179.5358
Cobra,93.6926,87.75824,171.34663,111.7781,31.27121,4.21672,131.73218,157.37795
Cobra,85.30959,87.55427,153.88295,183.17509,11.97519,32.15873,139.62369,164.44357
Cobra,38.04318,38.73168,113.36937,82.48736,13.8894,11.89004,158.09914,146.61104
Cobra,36.06111,38.86472,113.1442,78.09208,16.37001,25.25573,141.90318,173.53126
Cobra,34.14575,34.92788,115.89225,73.46981,19.96152,21.3962,183.04513,172.22756
Cobra,31.04053,29.53869,114.16459,69.96998,16.39763,36.10561,139.01351,173.89613
Cobra,30.60784,31.84486,114.44775,68.13162,4.92597,14.97677,163.95599,163.7709
Cobra,30.18568,30.44862,110.9341,65.91859,1.6367,16.75311,161.63597,161.61974
Cobra,30.08506,38.8127,106.43923,57.10303,9.47893,5.73742,167.62366,141.33712
Cobra,36.76947,42.79265,114.29104,74.32791,45.72447,6.9405,115.33936,71.79611
Cobra,40.77497,32.71235,114.20225,93.93703,0.04907,2.40708,66.77807,48.20134
Cobra,38.17496,13.17379,119.22149,169.81396,99.65928,0.4288,35.87433,4.90284
Cobra,34.83455,31.10302,178.38202,29.83382,102.73322,6.90805,128.82609,21.3272
Cobra,38.40503,28.98282,151.24432,88.94445,117.70262,65.86605,17.38583,98.75937
Cobra,43.05173,7.48855,142.00869,52.32493,125.58019,49.32036,116.08839,60.06108
Cobra,40.28607,16.80511,133.31401,140.1806,142.38656,91.4558,59.27389,10.00194
Cobra,37.60582,46.54338,140.46634,121.37516,103.88169,100.97798,155.46748,7.98545
Cobra,37.88436,55.96886,141.96257,136.80487,115.91509,98.54698,142.25997,9.55243
Cobra,39.18951,62.75109,142.50284,133.8428,112.27534,49.15298,142.3952,22.3814
Cobra,49.6367,81.68191,169.14794,196.02041,112.94396,36.94971,145.64157,29.44141
Cobra,49.60034,96.30866,167.42242,177.72347,116.34952,42.05908,138.56482,38.30207
Cobra,37.91295,39.98097,147.33273,171.24197,111.95276,96.70214,147.36656,2.32932
Cobra,43.15466,64.89929,160.88527,191.15773,176.55415,62.12662,115.39113,4.89293
Cobra,34.07633,6.73231,147.20225,196.90226,131.93924,47.78292,107.09389,117.79162
Cobra,37.98328,18.76185,170.0196,168.18331,98.60714,63.42556,187.7586,118.93464
Cobra,42.37733,83.76052,153.16059,179.26549,115.86723,109.95928,134.45836,13.13906
Cobra,35.17639,18.90872,147.7609,195.40044,131.96465,119.80971,111.1312,23.18529
Cobra,42.21133,2.17998,149.78872,134.11355,120.0533,106.56797,118.22751,17.16293
Cobra,44.57844,7.13896,152.20162,152.45486,125.61072,103.25332,112.77344,18.07751
Cobra,39.21953,20.20337,172.64541,184.39571,120.57294,22.04451,151.61393,15.24525
Cobra,9.16521,13.76712,50.14184,164.11792,155.16668,160.82286,175.51167,174.02949
Cobra,11.10062,9.08186,42.27321,130.48297,153.06767,153.21808,167.09758,159.09905
Cobra,8.43923,7.87999,44.39937,143.08642,152.75451,149.85313,172.78733,163.71386
Cobra,17.65226,24.00616,66.28177,121.7684,139.46199,134.71555,176.53728,172.37666
Cobra,22.05563,23.1618,66.82335,116.80687,140.26171,132.15722,174.13834,172.06972
Cobra,24.02829,24.21034,98.20657,121.29907,138.01148,128.22848,173.96757,172.99414
Cobra,24.14307,27.07019,101.30067,122.73613,138.54237,130.36485,172.79459,168.99822
Cobra,27.60564,25.13509,100.07158,116.58772,135.41176,124.72591,178.20419,175.02153
Cobra,25.08859,32.24807,77.53221,118.58426,134.81576,120.08354,195.14972,198.24461
Cobra,29.24758,34.94215,81.49345,116.37238,136.15668,113.6514,196.54167,192.80468
Cobra,30.19119,34.47087,82.23023,113.32561,132.498,112.5582,193.43481,190.49808
Cobra,33.29998,36.11802,87.84968,115.85884,131.16092,106.20365,194.51138,182.9314
Cobra,42.4399,30.50323,100.80113,115.37292,123.53694,108.24622,190.39605,178.17769
Cobra,37.17313,37.74491,94.49643,115.91277,124.31093,104.00203,188.46585,181.67539
Cobra,34.79244,40.61368,90.39364,107.62722,124.4249,98.17757,182.29686,175.872
Cobra,35.49324,31.26934,106.66869,94.95782,97.99406,105.76899,139.93158,141.76647
Cobra,32.23652,30.54649,101.8952,98.04606,119.506,118.93093,178.85719,162.25792
Cobra,35.15703,44.45591,109.22129,137.19565,141.88855,153.67814,183.35044,188.6953
Cobra,170.45369,165.02638,166.99608,156.82395,26.78325,118.52473,160.73291,154.80764
Cobra,30.55988,28.72046,107.6608,93.65432,166.36379,155.08233,194.22034,193.14002
Cobra,32.27642,30.72378,130.82637,95.6376,179.19882,145.74328,175.82345,179.37737
Cobra,177.19974,168.80126,184.79947,170.55121,61.24612,69.68485,176.24735,166.45741
Cobra,177.14652,170.72217,184.97447,166.68326,46.1105,50.17922,155.39888,194.8353
Cobra,195.78306,194.53292,192.39578,148.14216,47.14231,47.77638,111.05088,133.30512
Cobra,30.33998,25.38459,135.96077,90.06191,178.71651,198.74621,164.42101,179.66929
Cobra,30.29717,23.73168,135.78116,86.68784,178.3077,195.81836,166.0683,179.33523
Cobra,30.78395,25.14089,137.46067,87.24488,163.15519,184.61644,153.28823,167.23297
Cobra,22.31116,32.64342,42.51481,63.18062,133.16658,131.53601,125.15399,138.15116
Cobra,47.57291,36.9137,131.36522,84.13963,130.09358,150.95337,140.01529,142.02839
Cobra,47.75731,34.1983,154.10909,82.30726,126.06688,147.95601,142.42078,136.24463
Cobra,42.25537,26.02904,128.30473,78.46282,135.64182,158.75674,152.49859,163.88206
Cobra,36.03822,34.75855,127.70096,80.69699,154.13549,151.25353,182.19351,163.1427
Cobra,29.07569,34.44561,121.18588,76.05108,137.51048,149.16045,169.19808,168.01215
Cobra,31.99275,36.96415,153.43541,77.56859,137.0012,149.42374,172.85581,169.14301
Cobra,18.78365,30.58601,192.93495,63.90234,146.78413,154.4774,199.44837,179.60196
Cobra,11.70912,28.08121,174.49814,48.62305,160.88334,161.48478,179.9954,174.14479
Cobra,19.27923,123.04796,191.29515,133.65644,165.46332,166.53301,199.35093,176.39269
Cobra,26.25508,20.76318,172.4614,9.06572,181.65994,176.36905,179.42134,170.96905
Cobra,30.14747,181.34623,173.50884,174.61751,175.22791,176.22951,177.84461,176.87018
Cobra,23.99588,0.7582,44.73047,5.14514,159.0183,163.75361,195.96187,179.26858
Cobra,23.13246,2.18567,50.20795,1.65724,159.49222,165.68734,195.78207,174.8496
Cobra,21.97497,0.02354,66.07549,10.02795,150.105,156.4594,189.71215,178.34838
Cobra,18.51942,34.32656,50.39221,14.61208,114.06026,138.8209,157.05836,197.32634
Cobra,22.48419,7.07412,15.55888,36.99023,112.61267,121.1986,159.46315,174.12885
Cobra,17.08173,37.8478,30.65395,22.09158,101.34483,118.34538,148.09481,164.67131
Cobra,13.13442,35.79916,29.52417,0.17664,110.99611,124.72898,159.98256,170.39193
Cobra,29.39925,21.26151,32.75166,18.69758,101.83517,142.03983,157.13981,185.31014
Cobra,32.46636,63.66148,43.54923,2.08996,111.48032,147.11146,180.6493,178.81263
Cobra,0.29811,108.46541,18.18151,46.53675,119.48647,142.16701,187.40816,193.46654
Cobra,97.12015,109.74989,97.31717,61.39567,121.16261,152.50564,169.28075,197.56755
Cobra,1.78387,2.85053,29.99177,23.1667,154.58658,163.56694,193.22335,193.08435
Cobra,8.4359,11.33959,4.55937,64.72716,33.60833,32.1633,191.73748,197.39752
Cobra,87.65556,54.79346,165.31966,151.81202,7.56593,159.91335,42.20914,149.32294
Cobra,101.3336,76.14962,172.45416,9.54281,155.56524,160.22301,187.38758,158.6237
Cobra,36.40134,74.84987,189.61915,142.01714,154.55457,159.24632,161.37332,199.40006
Cobra,44.44284,13.37003,177.38179,56.52808,121.85794,95.61894,161.33764,178.34614
Cobra,4.15449,26.38426,151.04835,163.52294,96.39402,117.93612,163.65201,108.15876
Cobra,25.29089,33.11242,162.95619,133.43283,89.93407,139.70063,172.93623,147.59813
Cobra,9.97904,8.15817,197.60564,182.4716,108.23049,130.50029,164.9773,176.7248
Cobra,2.94542,9.78912,186.66009,133.19041,101.86522,133.56398,165.63323,166.24913
Cobra,22.36663,76.1555,133.09158,129.40665,166.42709,153.2267,178.67807,165.24168
Cobra,6.31066,22.32843,178.25333,64.37821,176.41567,185.60302,195.72399,196.36634
Cobra,5.07285,21.02662,104.48813,62.72133,173.82771,192.12091,192.02319,194.17325
Cobra,12.56028,20.74033,101.80484,62.60101,174.46608,191.86934,194.28906,198.26202
Cobra,2.87178,7.62487,76.54653,65.05714,186.38958,160.18935,173.90911,177.83893
Cobra,3.04704,6.03079,75.47928,67.45322,186.5182,160.62038,172.09852,176.37085
Cobra,5.38617,7.31279,61.59363,64.55331,186.4154,160.21865,171.33362,174.8919
Cobra,3.42997,4.07949,66.21287,71.69582,185.94248,160.54908,170.31895,174.14336
Cobra,3.47173,4.86825,67.40671,72.94226,184.78825,160.3678,169.71449,173.57781
Cobra,9.05165,3.5723,73.4138,70.80704,182.62916,156.17831,170.1504,175.31149
Cobra,7.18371,3.57176,84.15969,78.55776,178.31719,149.47703,172.15789,175.03678
Cobra,21.00689,1.10448,96.41129,85.01639,154.40022,148.69439,170.83539,168.26132
Cobra,28.38854,0.89304,106.67267,87.41857,152.20093,146.9193,172.87252,170.4652
Cobra,26.43103,2.15129,109.55991,98.63174,145.67173,143.20795,168.44455,164.34844
Cobra,21.30468,0.99802,101.65027,101.04563,150.68734,163.18228,159.16034,151.70349
Cobra,30.48518,1.16053,116.45623,103.26589,150.21087,160.26414,154.39324,145.69623
Cobra,27.94967,2.32572,116.82814,107.72469,135.47473,154.05371,156.38967,150.31403
Cobra,29.80453,7.22882,122.48945,114.43372,128.75851,145.20476,153.05525,148.90481
Cobra,32.60871,17.32476,141.98133,126.10364,114.32461,93.06964,168.12004,166.03929
Cobra,36.417,23.22754,153.38892,126.28456,102.2917,80.90291,198.1973,176.83218
Cobra,33.34716,25.25263,155.52891,128.36574,90.81992,75.85377,181.93945,173.91792
Cobra,32.11464,34.87283,163.41479,140.8937,40.82893,62.22882,150.6283,151.6293
Cobra,29.11296,31.05803,169.61383,158.34017,34.2336,25.60147,162.69546,150.1617
Cobra,30.65692,30.66464,196.48776,173.52215,15.37355,38.13018,169.59934,180.13982
Cobra,30.76966,29.33758,193.032,178.7298,11.45357,21.00345,167.5304,198.2424
Cobra,28.84162,26.78734,189.80618,199.05673,8.94886,15.94659,182.29538,171.13685
Cobra,28.80542,27.20729,187.28516,197.62333,17.18247,12.17414,187.02359,168.36684
Cobra,30.27789,26.30441,185.74226,195.3171,0.80994,8.35872,178.92565,162.5975
Cobra,32.52166,30.46818,161.67491,183.31434,46.908,102.77058,150.95352,144.28035
Cobra,31.97456,31.09376,164.99469,183.23332,55.04477,121.2404,169.57397,119.36609
Cobra,27.73286,33.26013,163.2507,184.12043,55.83833,111.89829,182.98053,157.5067
Cobra,26.82791,37.32142,162.88892,179.46802,61.13636,113.24402,187.62312,160.35641
Cobra,27.1476,34.57351,159.40218,174.48896,60.65036,111.6484,182.73554,166.60959
Cobra,11.064,33.038,137.56502,150.05838,108.87978,109.11093,163.61312,192.7611
Cobra,13.17092,37.79242,125.04799,137.62976,139.00829,150.2185,192.21659,185.62028
Cobra,7.75967,30.61015,118.49411,137.17826,144.12307,139.91767,185.70834,179.98666
Cobra,3.18633,34.03994,108.00651,137.45726,144.63372,152.91368,192.54373,185.03874
Cobra,2.86786,12.09043,90.82221,93.25861,159.96435,167.02843,189.94744,168.4714
Cobra,4.02921,8.39649,87.2285,84.51165,162.36408,168.02078,188.13661,169.56732
Cobra,4.54943,5.62781,83.62793,86.43464,161.75678,169.0325,199.17943,175.03079
Cobra,3.14066,4.78894,82.87981,80.27861,163.74402,169.45067,194.27923,171.61364
Cobra,6.46735,1.57373,80.80255,78.83386,164.85932,171.62712,195.0106,172.26525
Cobra,12.76644,2.19923,53.51171,79.60793,168.98181,173.66547,197.28066,172.35184
Cobra,31.14818,1.77596,56.87495,61.605,166.97402,166.20907,174.0817,174.05675
Cobra,30.46929,8.00707,67.19446,64.55844,167.79075,168.11866,174.0371,170.77043
Cobra,4.31715,15.65566,69.21474,67.2012,161.07355,166.99257,173.00487,171.0435
Cobra,2.69973,12.81235,78.2834,60.40666,160.32174,166.6477,174.49848,174.17032
Cobra,7.97496,16.30223,85.13736,64.18257,156.25734,166.0613,175.62329,176.09155
Cobra,9.87194,14.85386,83.87277,58.50368,156.47594,166.76726,177.28809,176.3147
Cobra,2.74023,18.87538,72.2298,58.13924,156.8993,168.54704,177.54927,177.10276
Cobra,1.89276,19.30968,77.05904,57.35502,157.86957,168.80774,178.18433,175.62045
Cobra,5.3428,21.10872,69.95022,54.99025,156.42109,166.12511,198.69624,179.18316
Cobra,12.17992,21.7482,70.46265,53.85976,155.51752,166.6583,179.31762,178.88327
Cobra,1.20707,43.95884,48.28267,51.21997,155.51958,166.52539,199.90237,199.99392
Cobra,5.93637,23.71789,54.33275,53.6919,153.24942,165.02897,198.22432,198.44801
Cobra,1.05903,41.45192,48.93936,47.4326,152.24427,165.61275,197.70773,195.4476
Cobra,0.01087,43.8578,43.92684,44.38392,153.52937,169.4836,197.63099,196.82711
Cobra,2.75081,45.09282,64.6187,53.18665,157.88951,168.13198,178.48623,199.38896
Cobra,33.58205,48.0334,86.42945,56.94848,159.86333,166.13466,176.35097,199.08452
Cobra,0.35374,48.24766,55.9712,55.52623,161.04361,166.73979,177.26793,198.84201
Cobra,31.34873,51.28885,67.15483,64.14336,168.76454,167.36693,175.96969,175.42284
Cobra,6.66817,54.04951,62.32404,64.3512,166.98715,174.10862,171.9015,171.61215
Cobra,28.86464,51.60251,56.44655,65.36996,163.77457,174.02504,179.63625,169.54
Cobra,37.46608,55.89737,79.84812,77.15359,155.81852,171.48112,173.90558,166.64143
Cobra,25.73451,57.59585,85.78664,78.41277,152.51091,168.92598,176.25745,167.61464
Cobra,107.78534,65.91671,157.75173,97.72568,152.42945,167.63206,178.29099,161.97663
Cobra,57.54545,59.90823,168.95168,130.61232,131.45983,46.75067,110.09236,88.91759
Cobra,24.41505,40.90257,169.81981,165.02218,101.03031,65.17427,67.50129,47.55464
Cobra,46.01469,47.06769,167.79371,124.47766,115.74401,31.99097,89.1824,23.01166
Cobra,25.41002,43.32625,178.78738,140.11258,129.16403,90.14887,92.83996,85.12645
Chair,159.69914,169.82332,189.75354,187.49612,158.37397,149.99913,141.73155,143.5753
Chair,160.48979,167.01967,189.8554,183.07999,144.37751,135.74635,29.72412,128.63698
Chair,154.61594,168.70552,181.28432,183.93904,137.53786,132.87089,117.9588,124.61321
Chair,131.979,51.96131,78.65486,118.83066,189.69351,188.2726,169.69722,177.31253
Chair,125.97008,84.56569,73.25121,179.32409,187.20968,188.68596,170.90543,173.15096
Chair,157.10915,199.78987,184.56007,175.98629,132.01265,144.32177,134.09022,183.88288
Chair,159.81378,197.95266,186.11856,174.58072,127.21535,126.923,139.43141,149.3986
Chair,157.45758,178.02687,185.1587,179.89222,132.25619,131.70104,142.98421,148.08297
Chair,156.82921,196.93088,184.22997,170.53936,133.65754,136.14497,148.11824,158.91214
Chair,152.17787,178.08065,174.7293,156.93773,171.29706,169.30333,192.3604,189.75918
Chair,153.58141,177.62916,175.54928,157.70226,198.39631,174.18863,173.98256,192.30676
Chair,157.77832,177.3753,183.60906,157.18398,191.76617,177.11753,168.13075,194.4115
Chair,158.75872,176.88775,179.58148,156.2959,184.48859,194.61405,160.47126,177.67564
Chair,160.09703,174.75093,177.66933,157.86775,182.69922,190.69149,159.58519,171.44085
Chair,159.88646,171.63432,179.46425,154.38624,180.42915,188.65889,155.47466,167.52498
Chair,162.55568,173.42156,181.46127,158.2318,180.21299,184.17449,158.22812,162.89165
Chair,160.32752,174.78337,178.64339,160.53664,176.61697,177.55403,154.73329,156.1875
Chair,162.2837,173.86484,179.99351,161.85197,173.48611,175.6261,151.05392,153.26676
Chair,167.49041,175.63586,181.7088,159.91012,160.5406,163.90101,135.33356,141.64412
Chair,170.54245,174.07477,186.25041,160.97824,163.16689,162.185,140.59783,138.34304
Chair,171.69319,173.32384,184.84806,156.58542,153.69461,153.63019,125.48379,129.6442
Chair,178.92564,175.13452,191.16547,160.93859,147.72641,144.53763,126.96449,121.32645
Chair,190.98824,173.07118,191.03864,158.7043,130.24572,132.56077,102.68274,42.6461
Chair,6.5574,127.00956,72.5344,149.47801,166.30355,196.27982,185.9164,197.81512
Chair,55.52874,32.61975,143.264,91.68033,171.89472,190.4411,195.78169,196.69018
Chair,97.50321,58.67097,143.06185,31.58851,177.76832,186.73435,197.39263,195.8077
Chair,23.52002,49.914,124.73801,39.97474,192.83063,184.55375,165.00112,176.82582
Chair,35.61478,113.54427,121.52432,118.19797,198.95177,190.35263,195.64714,179.09784
Chair,181.85015,172.28321,177.04936,166.0,116.34401,123.90344,91.43035,99.81738
Chair,39.50218,114.82247,158.93987,138.28738,191.68204,187.45516,195.85901,197.84436
Chair,171.69866,169.03271,173.4889,172.80384,133.14485,141.5187,94.89988,102.45825
Chair,175.12017,175.93721,172.74226,175.21687,143.77856,147.7579,100.76052,107.84534
Chair,175.84713,177.03379,173.02422,176.28277,151.24267,154.99184,105.22245,113.05834
Chair,177.56722,178.39986,175.1259,175.81779,157.47504,160.81542,108.3108,115.58058
Chair,172.25396,172.69362,184.41465,162.3932,191.43119,196.85747,161.55442,168.95697
Chair,177.84643,175.95307,191.14,160.68418,189.79805,197.01235,162.53239,169.74297
Chair,179.92232,177.26127,190.16588,161.33162,191.5572,197.0833,164.19623,169.36695
Chair,167.85843,164.65689,182.58563,158.59687,198.57127,193.10262,168.31509,167.53277
Chair,178.91257,177.85011,187.29057,163.44208,194.51282,186.7904,168.38126,163.39904
Chair,179.19573,195.74674,155.01145,189.42457,192.09687,182.16721,166.82298,155.72305
Chair,172.27465,171.21429,183.85431,150.67771,196.07912,185.5046,165.1608,162.39548
Chair,159.30567,173.35191,166.77016,149.49879,187.99645,195.34775,160.11426,176.61055
Chair,180.86572,164.91242,149.57937,172.32231,196.69705,187.75541,174.67679,168.5137
Chair,172.72056,164.55374,143.91449,171.40508,179.37728,191.93475,179.09507,172.44768
Chair,165.04317,181.84933,170.5982,152.77122,176.40123,198.95084,179.12434,191.57016
Chair,193.14736,182.80155,129.01571,175.59844,178.20491,174.43415,177.6061,196.01392
Chair,162.06299,161.20445,169.55717,156.19692,173.86049,199.3495,196.88457,196.63968
Chair,154.96125,156.72532,188.8907,151.57642,173.6035,174.70843,195.06064,190.46984
Chair,142.46312,175.71428,152.98591,152.22304,155.23158,146.56621,186.80152,160.98977
Chair,159.33169,150.48959,194.18095,164.49579,146.66245,149.57024,169.31627,167.93201
Chair,193.30675,151.09806,157.37376,163.94297,130.64277,143.89139,151.49161,162.65608
Chair,147.37558,143.7207,177.40186,166.46661,146.80455,131.48468,172.22469,144.67738
Chair,145.13601,137.01485,198.13158,162.96007,143.62159,117.72621,163.54041,132.36814
Chair,170.04717,141.34341,173.55439,162.68079,121.72773,122.50488,142.95251,141.91536
Chair,139.533,135.32662,179.45673,161.01302,122.96496,111.50987,144.70838,125.41779
Chair,118.59682,134.28427,185.50614,157.00404,124.31879,109.2438,145.71221,127.29975
Chair,135.92261,133.69263,175.56607,164.3888,105.98442,96.97951,98.00651,115.51946
Chair,70.98175,138.58305,147.33349,166.7659,109.70817,103.17382,126.55082,122.78708
Chair,133.69587,136.36136,195.08658,161.69746,103.0889,96.60939,107.33119,115.74192
Chair,137.2232,132.99285,177.53527,163.47565,127.79291,100.32293,117.45873,119.20277
Chair,141.12112,134.9957,186.3471,171.41983,107.94789,93.09582,120.11163,101.26598
Chair,143.19081,141.77313,170.86952,171.73708,92.40383,88.67781,107.15544,108.09294
Chair,147.6011,146.349,186.8138,179.71964,94.19114,82.9002,112.36666,101.47874
Chair,141.463,145.44131,178.66908,176.56874,92.03939,82.80714,108.05635,101.5276
Chair,152.0208,150.60501,190.85067,177.47244,84.81108,77.5147,105.77195,99.05337
Chair,123.49748,143.85524,167.44616,171.55858,102.75575,91.92345,117.06812,110.77932
Chair,143.40534,145.1788,177.79306,172.1759,91.03337,85.28279,109.9819,104.94157
Chair,152.03942,150.13782,183.82257,180.09837,94.94693,90.37056,113.0983,107.63353
Chair,148.87734,147.64726,186.06441,174.40762,100.40692,94.26382,111.71799,108.95962
Chair,145.25463,144.63434,185.45988,178.18814,106.71881,102.8102,117.53712,112.94931
Chair,146.97207,145.81194,189.13913,183.80823,116.83907,110.01786,122.45679,114.86863
Chair,147.13405,143.50342,188.17355,179.05447,125.21629,121.67295,125.11555,122.39344
Chair,148.13497,148.38092,187.05638,184.83359,127.13084,124.56876,128.56849,126.18542
Chair,149.57398,153.15664,189.08834,186.98525,137.2363,133.6855,136.3552,133.8726
Chair,154.29925,153.92882,192.79032,188.07151,138.53255,138.11315,135.91255,135.9189
Chair,143.43769,183.19504,166.50452,164.20434,199.65537,197.679,189.59438,198.65931
Chair,143.05358,185.37576,164.52224,160.27878,198.83571,179.62113,173.64634,188.6448
Chair,146.41707,181.94155,165.70053,155.05026,197.89249,197.81137,174.90582,199.22325
Chair,150.28518,189.38589,172.38863,159.86385,177.20169,196.92587,181.06764,182.22449
Chair,173.4349,173.39146,161.73707,189.20457,178.53928,190.23621,185.17352,187.99074
Chair,124.51892,158.10079,136.14134,132.29413,178.09615,190.406,190.5894,164.23545
Chair,121.81275,150.28614,129.14252,116.12997,177.83635,193.45325,195.24958,144.55004
Chair,116.82816,142.31215,121.84494,109.10028,174.27279,192.13698,183.31694,159.5695
Chair,101.72846,135.92861,109.4077,99.41144,177.18069,185.62617,183.36667,164.76221
Chair,104.58182,149.81523,119.823,101.48213,197.97747,173.83889,195.4319,168.54286
Chair,96.79237,133.90548,118.07237,91.07844,176.4028,177.7251,178.5384,163.23725
Chair,141.09277,134.03121,89.62628,173.43421,169.25428,170.51109,178.04174,193.02735
Chair,169.37225,136.58024,85.70578,170.40008,152.23829,161.59968,179.94587,162.58918
Chair,84.30967,46.07295,164.37144,112.3547,165.50571,142.07308,170.23869,155.82524
Chair,180.19086,127.69716,98.09069,177.84586,142.34221,146.23448,172.23923,161.81039
Chair,102.77735,151.74818,176.04556,91.39594,197.194,156.61716,185.29991,149.82298
Chair,70.10746,148.42356,141.11871,91.9559,184.39312,160.79979,196.77033,149.85174
Chair,57.75617,110.28946,62.10399,121.99851,193.14216,166.57324,179.69272,167.1403
Chair,84.25578,115.55892,64.13477,147.87841,199.71749,166.87054,199.1436,160.27749
Chair,57.79223,69.46749,163.81297,181.37459,173.53741,159.32051,177.42371,150.0925
Chair,61.83552,188.81425,175.70529,140.43064,162.64333,132.94529,171.73554,145.16733
Chair,66.13728,161.75341,175.72379,104.35894,182.83725,153.46786,195.31386,159.20399
Chair,23.52443,64.3722,141.20083,178.28485,156.78859,127.31026,170.05441,135.85391
Chair,3.3519,107.24508,152.9372,128.1199,171.3285,157.50246,157.51865,161.12214
Chair,0.05122,122.91669,44.76289,123.49891,162.22806,145.01723,163.01516,153.16466
Chair,14.87627,139.90371,166.8426,152.21619,145.1391,162.34892,148.09256,168.4019
Chair,40.08412,148.33452,139.52742,140.36075,143.40727,146.59631,149.32349,156.19067
Chair,44.83629,145.01832,172.37772,167.24587,139.72732,146.93171,154.49001,152.75058
Chair,35.64895,116.71599,178.38013,174.13455,135.2991,142.36866,138.64131,148.726
Chair,26.59234,152.68108,131.79577,138.06675,144.65068,140.25736,153.36562,137.42332
Chair,33.05119,154.8609,168.40888,158.61799,135.41706,132.00204,124.76909,127.69992
Chair,38.95002,121.52451,146.65504,169.90074,124.30225,131.78558,126.09265,120.20259
Chair,19.46292,145.69202,109.00698,197.16814,131.36072,130.70146,141.52857,129.487
Chair,52.7468,152.71302,87.24006,168.94769,120.20864,126.04882,148.16054,142.02684
Chair,25.13678,158.53128,60.96989,163.87456,148.06863,131.16256,169.46357,136.77766
Chair,0.23219,137.59368,21.10425,154.12928,170.98068,159.78448,153.78532,165.14228
Chair,12.15683,132.20722,8.10713,144.69562,174.07953,166.23859,105.43199,152.99257
Chair,3.67859,141.1117,15.00766,145.79026,176.91177,171.27439,110.77854,154.99634
Chair,146.61763,163.45039,165.27521,133.92313,196.57016,192.16339,195.67335,171.74127
Chair,187.52762,181.04107,178.40911,157.09682,180.27172,175.45835,139.83577,135.34646
Chair,187.65233,182.69326,179.3221,159.28875,175.84383,173.76656,134.05827,134.35478
Chair,188.05766,183.03666,198.29166,158.77572,172.07871,167.47585,129.15015,123.0883
Chair,188.23413,184.81182,179.37638,161.50548,170.56939,164.68929,130.48425,123.72607
Chair,187.06281,184.98497,177.05938,161.6003,167.34781,160.98484,125.55695,120.91878
Chair,192.22541,185.44597,195.26219,156.93451,146.81869,139.78447,112.0722,105.47762
Chair,191.44439,184.55275,195.31745,155.40914,141.58797,136.36142,102.89735,103.26586
Chair,191.38989,185.30861,197.28179,155.62684,136.87736,131.37253,97.86815,108.28192
Chair,192.70018,186.25341,194.5977,158.06363,134.96207,130.70959,99.3068,109.27811
Chair,193.81313,186.80705,194.23785,159.10866,132.39763,127.65173,98.00503,98.28198
Chair,192.28901,186.22558,192.63434,158.42006,128.41927,123.49597,94.29765,96.37533
Chair,191.35398,183.98836,194.50048,159.95515,119.61953,112.38377,90.0618,87.75979
Chair,188.65478,181.68761,197.93981,158.51256,120.63112,112.35068,91.28987,88.95657
Chair,189.24236,182.53189,178.7489,164.31046,117.25708,110.86475,90.80632,89.93874
Chair,188.69612,179.75351,198.42598,161.49917,114.67852,108.23027,87.89699,86.58397
Chair,191.76392,183.08384,196.33763,163.29374,115.63288,107.78053,90.06606,87.77184
Chair,193.27529,180.32402,196.23717,161.07968,115.2494,109.00969,89.69364,86.01195
Chair,192.46367,178.79237,194.80973,159.65807,114.81319,108.09544,86.37637,84.80225
Chair,193.26039,179.58398,192.41623,159.22203,115.63427,107.63058,86.77149,83.16344
Chair,193.41086,181.33018,192.90075,160.33574,115.26201,106.99101,89.17804,87.02903
Chair,190.99222,179.92732,194.13556,160.56207,116.61865,108.25479,90.40999,88.90501
Chair,189.87537,179.87409,195.60416,161.35264,121.5278,111.39066,95.04036,90.48905
Chair,191.04527,180.74646,193.82758,162.24799,121.57855,113.07396,96.08456,94.60886
Chair,187.53428,182.34353,195.94379,161.73659,121.27606,108.77085,94.60433,94.36841
Chair,187.08829,180.42528,194.16469,161.546,126.67472,116.26626,97.8653,97.83028
Chair,185.86342,181.28555,199.45622,163.3754,128.17507,121.14539,97.67337,100.98827
Chair,196.74075,179.09293,192.47829,161.86372,127.84934,122.62138,103.63221,101.70158
Chair,195.86616,181.83476,192.36378,167.51359,129.47734,120.12487,103.81457,96.62452
Chair,195.85527,180.65615,188.31527,164.88233,130.83557,116.2768,107.8762,68.79833
Chair,197.8934,175.68833,186.69261,161.10656,126.55462,118.10279,102.31567,80.98068
Chair,189.84594,174.22937,195.36291,156.05485,135.42616,108.80925,109.37085,67.40501
Chair,192.1455,170.89225,191.59245,152.78519,132.31191,99.90138,99.83769,29.68904
Chair,151.75349,119.10271,132.93165,147.0589,170.86235,173.00009,198.79454,179.20178
Chair,160.04924,144.38072,133.52405,179.01132,171.66839,168.51748,194.84204,177.61347
Chair,173.27625,120.33118,140.95018,141.39313,169.91246,193.52084,198.7282,198.49237
Chair,177.24755,152.97128,144.7443,193.25139,174.19253,195.60551,184.86546,186.24832
Chair,173.88543,153.31986,150.14921,175.44341,192.89321,175.08912,162.13704,178.2139
Chair,168.93307,146.71589,141.23872,168.68261,180.62575,178.74725,186.06344,179.22467
Chair,164.36467,144.44879,134.99724,161.75128,179.03363,193.02192,189.76917,182.53763
Chair,153.56876,135.28585,132.69554,144.22321,179.1577,169.80091,180.76444,176.4789
Chair,165.17247,147.22473,137.93759,145.72371,195.89453,173.70885,165.89477,196.28762
Chair,177.95294,174.40009,178.48902,163.43941,177.19944,171.11494,123.99063,93.50812
Chair,166.94293,190.38341,181.85821,164.70402,199.66759,197.84838,198.04258,199.29108
Chair,169.22936,187.11272,183.28765,162.7662,198.37841,199.258,177.36933,178.44179
Chair,169.28077,189.7676,185.65115,166.16761,194.30851,196.64698,172.07428,175.46861
Chair,169.6289,189.59283,185.71267,166.3124,193.93812,194.64354,171.05649,174.36
Chair,168.6228,190.06036,183.27747,165.05558,190.10627,188.20106,171.63186,166.46629
Chair,165.51701,186.73598,179.03618,161.92565,186.93746,184.00977,165.2302,159.10644
Chair,166.09358,183.93733,177.29498,159.51336,183.4821,180.18342,158.88932,153.93611
Chair,164.5601,183.74832,176.91308,161.30825,179.8592,178.21691,159.32826,152.85369
Chair,163.91821,187.56949,175.94555,165.39273,178.49248,173.00274,159.94486,150.33517
Chair,166.4947,184.85772,177.65994,163.88263,190.25255,170.65269,194.53671,148.32024
Chair,172.72093,180.72096,182.57523,161.49619,172.43929,165.51234,148.97381,145.52634
Chair,175.57049,179.97933,185.83969,161.85081,168.48115,160.20989,142.80044,141.29512
Chair,173.47115,180.28315,182.77564,163.17108,158.51088,149.95572,133.79726,130.20905
Chair,177.88469,180.84581,190.3418,166.72898,144.26697,134.98242,125.86153,111.99839
Chair,179.95797,183.52285,192.46374,169.48363,144.39107,135.09911,125.07039,114.40556
Chair,196.51886,182.64834,198.84487,167.86086,139.30858,130.79124,122.46065,109.86551
Chair,191.44766,184.08748,178.46245,168.06955,133.52794,124.72031,108.46176,107.04021
Chair,190.4713,187.02258,178.63749,171.41345,128.33155,119.66525,107.94587,102.01939
Chair,183.16849,182.0837,170.19044,170.65449,126.24523,118.43833,99.16646,99.3514
Chair,185.39532,177.19722,176.22823,163.38207,124.5318,114.81064,97.16508,101.32133
Chair,181.80924,177.45919,172.83804,169.75561,123.15546,117.14625,94.77117,100.66523
Chair,184.65659,176.50291,176.26938,162.5582,120.92967,112.27867,96.71396,92.2689
Chair,181.80293,186.35595,174.49598,178.71546,118.07549,111.4111,91.81901,93.87891
Chair,182.74573,183.58614,174.29327,174.16585,107.8028,106.46723,81.97224,80.406
Chair,179.42323,187.717,171.46759,175.54014,109.09026,106.34821,82.08992,80.97973
Chair,179.14184,182.13292,173.73264,175.54833,106.00331,106.52803,78.70815,77.122
Chair,176.88722,181.23564,174.4613,173.5065,106.25334,105.98521,76.93025,72.01133
Chair,180.55144,182.95766,175.52434,177.74278,101.83268,102.88105,76.56428,75.29682
Chair,179.6372,181.89777,178.0445,173.41453,102.44836,103.78936,76.51131,70.24952
Chair,178.51228,183.20257,171.63704,172.24176,98.75284,100.81333,73.26646,75.85242
Chair,179.60198,180.74013,170.57626,170.07937,98.61462,99.64292,74.47309,80.10082
Chair,178.31537,181.36359,169.02058,169.71001,97.31503,97.48883,73.83211,75.82189
Chair,177.0234,180.18804,168.83265,171.41871,98.83947,100.31246,74.08922,77.37365
Chair,175.31239,178.09012,166.00628,168.9163,100.76044,103.02155,76.58684,76.78097
Chair,172.85447,175.94167,164.76144,168.15224,104.45446,104.33147,77.02027,79.46632
Chair,167.95957,173.8394,167.61219,173.37729,129.39504,129.81752,87.83001,95.15622
Chair,170.5542,177.76809,175.6267,197.58679,144.88549,144.21611,98.14276,97.44007
DownDog,185.69979,193.85832,193.90242,176.98929,18.40206,4.79207,182.1531,155.29662
DownDog,189.7634,194.85994,192.01703,170.91135,19.06803,7.85547,179.49866,162.80787
DownDog,191.1544,195.06348,187.00307,169.91349,20.65259,7.23268,186.08691,162.37348
DownDog,195.97289,195.87657,182.08484,172.34758,15.19966,7.99567,184.12136,171.24793
DownDog,197.49774,197.69389,179.64484,171.03747,14.22432,7.51529,185.89985,168.88874
DownDog,199.92657,198.42444,177.47565,168.57086,15.4868,5.71895,192.49063,163.31653
DownDog,175.54758,194.97913,176.44502,160.30712,11.15208,9.12654,195.22609,169.73025
DownDog,175.35909,190.81556,175.42885,158.11357,11.88677,8.95015,198.19962,171.57877
DownDog,167.66395,187.42699,166.14063,155.27045,6.10567,12.20193,188.37448,176.13862
DownDog,168.89341,189.21481,168.88117,157.70633,5.4708,13.88979,189.11239,175.84921
DownDog,167.39375,191.62701,167.10081,158.94219,8.39327,14.52888,195.47511,174.36503
DownDog,167.34203,189.21076,165.11497,158.72382,7.74369,15.14498,195.1728,175.79713
DownDog,165.82388,190.83797,163.26132,158.65648,0.44057,14.55288,183.68911,175.25793
DownDog,165.21139,190.26388,163.74864,157.88779,1.09424,15.77709,179.63011,171.22245
DownDog,164.30042,188.38345,162.1946,156.19674,2.80335,16.7517,178.85036,172.2014
DownDog,165.24174,188.88487,165.13104,156.57042,3.7674,17.35988,179.29528,175.07758
DownDog,164.88252,189.93143,164.78633,159.02736,1.94054,16.88711,181.44968,173.21213
DownDog,163.45799,188.70099,163.90197,157.04501,5.48415,20.7461,179.67697,199.04679
DownDog,160.96804,191.31662,162.37201,159.8407,5.61068,17.68282,183.68631,177.04812
DownDog,163.27552,192.94203,163.32434,162.51391,0.78349,18.25781,192.57154,175.45083
DownDog,163.87373,193.0458,167.15548,161.42156,4.12172,20.01005,189.01369,177.58593
DownDog,162.99815,195.34396,166.07584,164.91638,5.19291,20.27925,193.11379,174.25827
DownDog,161.21203,198.63795,164.37712,166.56485,10.65816,25.98928,198.88591,170.70448
DownDog,159.84852,179.02128,164.74248,168.5798,15.97008,29.42691,179.89496,165.26339
DownDog,158.36859,178.82741,162.62739,169.12252,17.02142,36.38685,178.31549,171.1806
DownDog,160.20467,179.19426,165.62811,168.03828,20.9313,44.39151,179.99882,179.88283
DownDog,159.23615,175.2053,163.12439,173.72816,26.68146,50.05444,196.65761,197.58159
DownDog,158.80448,175.32626,163.22856,176.48333,27.74239,49.27694,196.91583,191.98482
DownDog,160.12632,173.24063,163.82935,199.01523,28.72591,50.69376,196.68414,192.95706
DownDog,160.12883,172.78436,163.9722,198.16384,28.73837,51.10955,198.77676,197.73066
DownDog,159.98673,173.45332,163.98164,199.73852,27.92534,46.23678,178.43064,176.14954
DownDog,159.57252,169.92756,164.56559,197.80074,29.3241,49.67909,178.21063,176.89404
DownDog,159.78166,167.66456,165.31281,198.88621,30.34177,46.53337,177.71821,169.33145
DownDog,159.13587,160.98811,167.02881,189.11846,30.61585,54.02465,167.98988,175.4016
DownDog,160.84454,163.70948,167.71125,189.46256,30.54959,51.17653,168.76138,169.90864
DownDog,161.29157,168.65902,165.63089,192.27391,31.71713,52.42741,172.70157,177.92858
DownDog,161.91521,171.98301,165.09405,193.78736,33.17157,48.8663,175.66025,177.13182
DownDog,160.35774,165.93809,167.58339,194.50728,34.59655,51.16053,167.70087,157.81151
DownDog,156.98829,162.79661,169.12044,193.87303,35.9013,56.1363,162.52568,162.3284
DownDog,145.69636,147.5318,167.00767,187.32453,43.26663,69.66913,159.62567,166.15738
DownDog,141.68875,143.31667,165.34954,186.18785,41.43074,64.6523,153.83831,160.13835
DownDog,116.89328,111.93761,184.55986,189.38379,69.92882,95.77757,140.16324,145.13744
DownDog,123.1903,93.56404,184.61954,158.63344,109.64214,106.65777,145.88614,141.86714
DownDog,127.86848,96.55559,187.97076,158.8076,103.83285,100.0618,148.48863,145.12624
DownDog,91.11011,79.66497,193.84102,157.52259,160.4775,141.24844,174.26679,198.89778
DownDog,108.42226,8.45308,188.35834,160.12031,149.5346,157.08756,173.07472,192.0423
DownDog,148.98594,132.79338,196.21967,161.31713,81.02371,70.7057,160.50611,161.67056
DownDog,162.285,155.64174,191.86474,157.60007,74.82743,58.73725,178.53854,173.27738
DownDog,22.10354,52.73595,187.10357,176.59283,177.78473,177.5475,177.32311,182.22857
DownDog,53.30007,3.96866,176.77668,174.74822,172.36711,140.43327,191.67975,190.25738
DownDog,28.62842,22.05276,181.36063,167.03472,42.14167,11.73907,53.14688,29.01705
DownDog,46.72171,21.9787,178.65855,178.97468,153.72542,134.86962,181.83247,172.55909
DownDog,4.92911,35.71205,71.55688,161.44237,156.51804,190.28616,185.10997,175.9044
DownDog,9.15819,6.36118,191.53543,165.55088,153.70495,199.4917,182.75265,199.35987
DownDog,10.54021,9.70718,191.25952,164.13037,152.6238,197.96923,181.20958,197.68114
DownDog,177.17156,186.31785,114.3266,194.85153,5.99418,3.56634,173.06738,198.40553
DownDog,185.52778,196.71754,137.59726,196.97719,1.15869,6.45674,154.93955,178.70714
DownDog,190.25005,179.77077,142.28958,189.93968,0.49866,6.18776,161.56387,173.25403
DownDog,195.12724,168.61375,157.98678,168.72154,5.76092,2.73819,156.31842,190.34359
DownDog,189.09885,179.51985,149.99076,186.94664,1.31443,3.34859,170.31547,193.51445
DownDog,197.51786,177.52425,170.32132,176.34124,0.58374,7.4834,165.07043,196.77885
DownDog,199.76342,197.20312,176.56534,176.1101,2.37309,6.70225,173.09933,191.98224
DownDog,198.35484,165.58661,173.21531,153.77069,1.03043,10.55746,167.03066,160.91014
DownDog,178.76665,168.25545,186.74903,169.1407,16.85559,25.36726,155.03991,175.71994
DownDog,14.27373,11.33824,178.35095,172.18379,167.45415,186.33276,196.28068,165.1492
DownDog,19.54882,19.79539,178.56401,166.49407,192.98302,181.3985,164.57124,158.66501
DownDog,12.09712,17.67323,185.78104,178.15908,198.48495,158.46384,198.90615,151.57238
DownDog,40.65637,2.27786,198.63791,170.99647,178.00322,168.92608,194.64571,178.66777
DownDog,113.78294,112.48837,131.40516,118.97108,81.92299,85.4249,86.49281,120.14149
DownDog,110.77183,122.19683,131.69725,124.44697,91.14417,74.13662,119.58991,104.35178
DownDog,108.96654,136.05558,111.10768,135.17851,98.62185,71.90676,138.13308,82.10543
DownDog,91.67575,157.28236,111.27967,150.55362,81.80697,81.10617,119.86002,161.85312
DownDog,167.40913,167.79271,151.10229,154.13579,82.07276,68.41796,122.68692,100.20023
DownDog,173.25675,170.21904,163.07494,155.06513,82.81256,76.12166,166.50043,182.79386
DownDog,180.09117,169.66822,169.32747,148.15557,66.27605,74.29224,157.37039,176.72931
DownDog,183.78238,173.63573,173.97273,153.58269,89.03313,74.10154,112.73541,61.52711
DownDog,192.97166,182.25416,179.13973,155.08081,81.23322,77.31946,94.98108,31.6523
DownDog,195.31407,182.04013,192.4423,152.02172,97.24607,82.54988,97.21222,44.19019
DownDog,190.39268,182.09612,193.23465,155.82999,64.48625,52.79066,176.55052,64.29131
DownDog,196.23567,183.33344,188.24705,152.88219,51.96329,52.18493,157.03852,57.11055
DownDog,177.70686,185.26509,183.45594,155.3859,51.10028,56.29007,105.09339,14.15296
DownDog,176.34675,189.84561,180.77965,160.97379,49.10207,43.00083,103.22425,35.36135
DownDog,176.66798,186.35588,184.08141,158.05734,54.93576,86.94827,120.15113,63.83892
DownDog,171.77043,189.21137,185.27077,159.60691,10.59354,28.18604,34.0701,21.71979
DownDog,176.87375,191.18991,192.10887,159.91018,5.03767,15.54001,175.52098,168.59312
DownDog,168.63043,189.56614,178.13037,157.35816,29.40835,20.58083,24.13874,81.28033
DownDog,169.16776,191.69476,177.52835,163.19948,1.03738,17.03115,31.16102,5.91759
DownDog,171.8661,194.30013,184.93416,164.34264,8.64765,43.03201,15.66056,122.63399
DownDog,173.04169,193.95615,183.49335,166.35962,13.84058,45.52506,14.37706,128.28498
DownDog,172.69123,199.92914,180.4052,174.63002,41.82427,82.11805,48.80408,120.75295
DownDog,165.60612,198.44032,179.51187,167.89303,8.09046,10.3986,3.41051,40.74358
DownDog,172.39693,179.73319,179.00535,173.5447,111.27462,151.11445,135.88837,125.78368
DownDog,172.6446,194.99145,183.15267,166.51939,104.90909,119.88861,143.11901,160.84659
DownDog,171.23289,196.6687,184.37116,164.48982,103.94179,116.6836,166.63936,197.14795
DownDog,167.47597,194.86392,178.18836,165.80095,37.80765,50.30577,59.05337,97.5271
DownDog,168.07886,197.71204,180.24734,168.80241,87.96054,105.43702,119.87772,181.55978
DownDog,165.77291,197.97804,177.5699,167.7638,98.44827,104.2947,144.42531,77.07134
DownDog,162.93172,179.24089,166.15738,160.56814,104.09862,52.50955,170.5344,105.46101
DownDog,160.14602,199.8849,164.97679,161.54238,107.19722,136.9366,179.36709,174.70517
DownDog,164.15492,176.48176,172.91522,171.72958,108.61698,139.51815,182.40878,198.98605
DownDog,160.75175,197.67862,169.24763,162.78482,114.73716,162.63736,187.01131,196.41492
DownDog,169.91264,198.53343,183.23906,166.2218,28.76648,87.23048,31.10431,158.90298
DownDog,152.05885,146.17483,168.5515,150.47911,91.6856,77.46419,183.6163,177.10094
DownDog,155.37415,150.61213,168.33616,144.04782,89.45452,74.9424,190.98854,184.90041
DownDog,170.95243,160.28557,169.21471,152.00334,82.63769,72.27339,192.9593,187.51997
DownDog,177.48416,174.87186,170.12512,161.81732,78.08706,66.60124,194.00684,187.50545
DownDog,188.33443,180.69188,197.38113,165.35476,74.50057,62.12011,178.77541,193.74947
DownDog,191.83429,183.25797,196.91163,165.36412,66.55618,55.98943,191.50372,196.06211
DownDog,193.54011,184.32461,197.5664,164.62419,65.857,51.30422,198.39973,192.19379
DownDog,194.31531,185.43974,190.82179,167.22079,63.52566,46.25544,197.69152,194.91217
DownDog,179.43062,183.93162,187.11545,162.43288,34.39753,30.36589,186.44377,177.9837
DownDog,199.37404,190.22087,190.31717,169.92129,24.88363,26.40204,173.23468,191.56819
DownDog,178.27552,188.46626,190.93059,168.72373,33.83355,20.66602,191.99281,198.57869
DownDog,176.68586,191.73426,192.82764,174.0896,13.80724,16.68294,189.76547,195.28602
DownDog,176.88613,195.45719,194.72856,173.3145,19.93485,19.88199,183.75175,177.35334
DownDog,174.64836,190.82727,194.14666,163.44906,7.88577,1.80239,33.03147,22.88125
DownDog,167.97689,192.50332,188.28758,165.09963,2.20537,7.38253,151.1502,52.68289
DownDog,172.27778,194.195,194.23681,164.16441,12.52609,21.23945,41.66379,3.0341
DownDog,166.09409,191.18194,184.7704,164.35035,21.13932,24.41877,37.06377,4.56325
DownDog,174.53075,193.25832,196.15259,166.63038,0.35701,0.28499,143.8624,94.28916
DownDog,157.40767,188.55442,165.83379,162.03588,4.30365,4.06438,169.19227,70.9908
DownDog,172.9485,193.92046,193.42275,167.11377,1.35424,6.65339,22.53008,66.28047
DownDog,170.54481,190.05689,191.02537,164.58277,0.49096,9.39632,169.80326,89.02107
DownDog,174.11835,191.75426,195.94593,164.66915,2.59068,0.53158,192.93181,115.77275
DownDog,169.24747,196.17396,190.37177,170.19955,11.91235,15.06308,192.09603,159.63906
DownDog,166.79903,194.39543,189.20981,166.46103,8.25348,14.08934,177.2717,149.02674
DownDog,164.97218,192.2743,188.2117,165.39136,10.05471,22.81153,156.99269,145.79841
DownDog,164.46818,190.65417,186.12169,164.92283,15.91899,13.65985,157.57532,124.49692
DownDog,160.86908,196.97365,180.86814,166.73033,15.18359,25.54951,166.05573,150.38967
DownDog,160.35351,198.27907,181.37676,171.39267,19.20608,29.39966,172.24893,154.07534
DownDog,161.79126,198.18127,182.60624,169.1981,20.77802,29.45958,175.35334,155.0153
DownDog,159.28632,174.16089,177.85955,171.07805,24.83935,34.93398,174.67837,159.91261
DownDog,156.03287,172.68086,179.30579,170.23683,27.74553,32.16116,172.91034,153.18214
DownDog,147.34203,161.07703,174.65739,173.73644,34.41181,52.30027,165.06903,147.71627
DownDog,126.09406,144.01403,167.82217,179.56314,54.33585,66.02191,168.98395,155.29287
DownDog,122.79709,138.22366,171.54006,199.54808,57.36962,65.58897,164.34217,146.7617
DownDog,125.38077,130.10395,179.73122,194.66763,62.73754,73.50727,164.13444,142.1508
DownDog,116.89786,124.14938,178.75472,192.50545,67.88124,87.98977,153.68499,156.4344
DownDog,139.12058,133.48431,153.23225,154.9724,77.47665,72.89822,145.00786,141.72185
DownDog,147.78845,145.20473,143.28038,153.7143,87.05308,70.14554,169.36399,150.67406
DownDog,165.73819,162.44176,147.56175,153.05246,77.01612,74.67797,178.45571,179.49483
DownDog,178.7559,176.15292,158.858,156.48071,77.89951,71.76315,189.85998,185.72707
DownDog,192.32306,194.89074,178.52221,196.17934,85.63576,63.37745,162.6088,159.79208
DownDog,196.51116,184.86269,178.69364,167.81952,63.32869,53.26611,161.01359,85.9241
DownDog,195.82823,178.42485,199.57255,187.0926,80.23859,75.75685,193.60363,175.03885
DownDog,179.27735,189.17849,179.66036,170.40893,84.98988,81.68493,197.96146,192.30521
DownDog,179.93025,193.51334,176.93142,171.08917,81.42288,64.88533,181.21128,157.73707
DownDog,179.52785,192.25442,197.11046,169.96038,99.25304,67.63612,172.44295,167.92752
DownDog,179.2142,199.414,197.37292,174.8951,79.64218,69.31358,179.33343,166.05913
DownDog,177.22245,199.99563,195.05721,175.99506,90.66847,84.74753,197.85339,194.11459
DownDog,179.65393,193.41915,179.26157,172.26822,63.35399,61.37932,142.53562,129.89077
DownDog,178.73307,197.12597,195.37549,173.60764,80.32673,74.13257,181.07807,168.59328
DownDog,197.95012,197.25021,178.66168,177.95808,75.60846,52.90347,164.66997,117.02673
DownDog,179.14119,197.32272,197.614,172.52222,66.7721,55.62728,161.25245,124.95692
DownDog,178.81704,198.84142,198.3757,172.87911,69.68052,56.95021,175.90339,126.13973
DownDog,199.72504,197.32645,197.88059,170.81562,54.70723,48.97803,136.73431,117.82769
DownDog,199.99195,195.97602,198.05336,169.60191,47.67071,67.40969,127.67336,51.16138
DownDog,196.73324,194.93708,177.61833,170.15053,45.98163,70.27976,120.3524,9.98825
DownDog,174.98756,199.13995,187.40569,173.17085,55.35952,49.27491,130.52627,53.95348
DownDog,175.86135,199.94092,190.44449,174.39517,47.33469,52.91137,117.84392,25.20406
DownDog,174.6183,199.5356,186.07492,172.17754,58.3814,53.45613,148.15289,81.84796
DownDog,176.90155,193.54278,182.4641,169.21297,68.59157,52.88986,195.91366,171.73134
DownDog,177.73448,190.04889,183.46182,166.98215,63.46467,42.48135,193.20856,192.94374
DownDog,197.72973,187.85317,183.2358,163.21225,44.87902,31.4975,176.346,196.06006
DownDog,195.36408,184.5191,186.79516,160.917,45.19467,32.11965,169.9532,188.36299
DownDog,189.14485,177.71203,190.82362,159.37216,42.78466,31.93154,173.3098,195.23889