Chair,69.60027,59.6159,34.49455,37.572,165.75831,41.67448,192.81636,11.58562
Chair,185.24911,191.55509,176.99285,174.62365,92.21671,89.41056,92.44701,93.68151
Chair,120.44646,120.13038,185.12702,184.42434,101.08486,97.87291,100.25543,96.15702
Chair,54.7154,95.93215,21.99021,45.54336,45.1168,84.29661,125.42481,133.13244
Chair,20.89438,13.75998,51.15691,4.79804,45.12731,27.721,96.34139,87.03686
Chair,74.8961,81.05167,43.04995,47.13576,40.85437,83.02475,149.94844,153.3681
Chair,169.52673,166.03829,184.24245,181.69886,116.08257,113.53029,129.06722,126.54728
Chair,157.81787,158.28444,182.98995,177.73013,75.60176,72.45405,95.73134,91.25859
Chair,68.83179,46.84163,34.95313,50.82822,76.05967,30.5925,113.61652,107.17285
Chair,178.54484,199.88389,153.03354,146.52798,109.52144,110.07448,75.19162,83.83327
Chair,12.33613,173.63898,152.38622,178.6631,130.17454,129.81355,134.71642,117.05345
Chair,171.95132,179.52116,174.05731,157.02163,121.22248,122.03832,79.99394,89.3903
Chair,198.81477,173.13326,188.27113,167.34998,155.31183,183.47177,170.57627,163.1792
Chair,171.10643,176.49251,186.115,199.49034,131.8222,150.61741,148.47528,154.60942
Chair,156.73401,155.55225,194.91052,194.92919,145.88599,137.05009,143.17917,112.82092
Chair,91.98298,93.22218,197.0583,196.70601,97.32715,100.13711,63.44444,60.83474
Chair,177.83498,179.15629,195.55197,192.91976,156.23039,191.01956,147.78145,95.36852
Chair,176.58127,176.30337,171.57759,166.80066,144.74264,146.99155,40.36708,30.58705
Chair,187.37213,164.8922,168.32255,156.0279,102.44177,102.31007,101.56929,71.59447
Chair,192.93654,192.83467,193.91613,193.97516,103.18692,102.13892,138.52272,137.10658
Chair,43.21214,90.30242,30.73562,46.94478,49.99233,85.81631,114.31228,116.75964
Chair,178.01526,198.20561,176.23425,172.4223,148.46113,146.00589,121.66385,126.83824
Chair,178.29647,175.5908,184.57302,184.69691,150.80085,148.9373,153.29126,149.23874
Chair,25.12535,40.20224,20.5165,35.97217,175.55407,196.67314,197.29344,199.94653
Chair,37.60601,42.63184,34.16787,23.97504,69.3573,49.46761,85.40983,86.00672
Chair,166.19308,165.90056,180.47422,184.61419,97.17538,95.04465,108.05463,103.24513
Chair,197.36781,194.72737,171.59479,168.28736,77.96346,80.69449,79.46404,82.85261
Chair,101.33942,137.9797,199.64514,176.86594,51.69776,117.11768,159.59195,197.99845
Chair,168.38914,168.42912,167.23557,165.89494,31.12721,29.09037,115.03356,105.90624
Chair,170.54535,165.49214,190.79179,180.00544,85.04209,84.42349,113.17118,108.121
Chair,182.38311,196.79604,175.29295,167.51871,113.44776,105.5294,104.16171,106.77151
Chair,197.92981,198.55555,176.5061,175.81348,72.70827,71.91139,62.47945,65.99512
Chair,71.72071,88.46875,60.39347,21.91718,108.26916,84.45451,133.13043,67.14312
Chair,172.58038,172.74659,175.84441,177.60019,115.41649,114.12338,123.69061,120.25685
Chair,102.75324,88.23479,179.1554,131.06919,114.72077,120.82783,153.39252,156.10286
Chair,169.72612,168.06276,194.20585,189.15841,112.31617,110.35258,144.91617,142.27017
Chair,151.405,177.21313,173.26494,191.25665,140.15501,130.39671,148.15574,135.02964
Chair,69.63397,60.50335,35.01617,39.34335,158.73066,41.33224,184.02837,12.00647
Chair,167.1816,169.05267,169.62818,176.63672,97.85179,95.2685,98.60362,89.31222
Chair,118.29493,120.30158,168.41833,163.15609,73.45048,71.68802,109.21819,105.96871
Chair,79.12484,61.20589,44.58253,28.97955,91.74327,37.5027,111.64996,107.98563
Chair,194.57663,194.5825,175.23393,174.38208,104.20608,105.24542,69.33822,75.29186
Chair,146.86402,158.20507,190.96639,156.94539,90.1086,95.05752,137.17478,132.75686
Chair,12.13429,40.19511,61.39081,12.92442,149.55966,132.24439,123.97435,111.9466
Chair,193.98242,191.5103,171.29505,167.28405,93.0212,94.73434,76.19362,79.61425
Chair,158.6657,161.85447,185.34585,182.40224,61.14671,56.24043,81.42435,75.27484
Chair,166.58149,169.47413,189.02215,190.1025,71.44233,66.50007,110.3023,105.94127
Chair,177.05766,175.88326,179.94124,188.12444,99.46845,97.74216,131.81857,125.04807
Chair,179.99371,187.45972,168.86631,197.06997,121.36121,124.00674,100.54256,106.64076
Chair,157.91854,158.13211,165.6722,149.00313,132.82973,123.58434,146.30948,137.11023
Chair,179.81857,177.84761,177.67645,199.69859,124.19969,127.24808,116.52571,124.39148
Chair,174.84265,172.36139,196.24973,189.8031,85.71174,84.33092,118.41656,114.48327
Chair,168.84178,171.9956,161.98702,151.27034,83.40203,85.44505,73.24115,79.40513
Chair,147.60859,167.50558,151.02351,168.02062,115.55061,124.26395,109.36498,95.60163
Chair,62.86339,146.06452,176.49365,174.80679,19.18925,58.46649,104.00892,109.07575
Chair,73.68317,67.13398,49.12068,60.21161,24.77254,31.94763,108.4657,94.36594
Chair,56.42577,64.79616,59.90858,30.55427,108.56651,45.77711,126.98787,117.81165
Chair,52.87922,62.74243,34.98759,67.00737,29.5344,68.44524,118.44995,131.46574
Chair,193.76793,190.10042,168.88681,166.3555,115.71615,118.99393,101.11673,103.33425
Chair,170.80647,174.23269,173.41274,175.3371,113.17964,110.95051,118.06106,110.89271
Chair,178.33789,179.70341,168.89912,170.63745,97.13906,96.81479,78.19017,83.02437
Chair,197.66741,195.68848,165.01732,166.29013,108.41613,113.40591,99.2929,105.81667
Chair,194.91793,193.16545,184.47244,152.20902,181.41856,184.66614,141.47436,141.79258
Chair,173.48413,174.57234,187.90983,185.1486,116.89883,112.61269,153.36863,149.21253
Chair,156.18254,158.09984,184.28952,179.38963,72.49128,69.23649,92.14144,85.05663
Chair,129.89194,132.92616,164.98716,169.33301,26.30735,25.27103,143.70219,141.1762
Chair,136.66624,112.39021,199.0452,176.18128,108.25727,109.41058,96.70274,100.94173
Chair,44.47022,46.52608,61.95159,68.66328,112.79982,112.73036,149.46604,148.1494
Chair,166.69139,169.5745,143.86877,147.38065,147.36232,148.69274,113.37538,117.69435
Chair,54.03981,128.46847,31.06802,177.46894,70.49593,58.99134,174.40401,184.93009
Chair,163.67182,168.08095,181.58257,173.38173,95.31696,95.0516,125.4439,124.27295
Chair,64.08689,29.76014,179.80946,146.31585,131.15601,142.72383,161.3861,168.14904
Chair,170.46687,168.52243,188.49321,184.12842,111.56225,105.47482,126.82284,119.21203
Chair,193.99754,198.82117,170.24875,174.31976,135.62411,136.09488,116.44766,120.77347
Chair,37.4556,60.98601,27.02541,18.47539,23.39599,41.96677,84.22946,84.51478
Chair,160.24344,165.24026,157.17011,162.87232,184.14635,184.50791,150.42133,152.83004
Chair,173.27919,169.91815,195.95412,191.69834,117.64462,115.78734,145.29152,143.0923
Chair,142.06967,59.04964,26.25776,7.56924,107.81156,70.38201,125.95739,119.83798
Chair,179.13945,187.31696,178.8586,170.39927,142.31549,143.96556,118.26655,123.31359
Chair,97.16091,39.5855,35.75838,28.2895,107.26999,82.15155,105.85456,108.88094
Chair,198.39998,189.38594,189.90047,173.01136,169.47085,170.54524,108.72272,115.48269
Chair,38.74674,27.66531,32.48726,57.83242,21.2312,52.49356,99.50432,104.52657
Chair,69.41972,51.5478,23.06411,31.00597,64.3891,42.69683,70.65426,66.89692
Chair,178.11274,199.97823,173.31073,174.09146,129.009,129.48922,110.02557,113.12186
Chair,87.11564,133.24528,132.5768,155.93522,131.09762,121.63668,109.32198,103.24184
Chair,113.51633,114.28565,169.82141,167.60991,78.29649,74.77822,106.92587,102.55503
Chair,89.22206,89.95163,57.40759,49.91201,64.31556,70.29578,127.42985,136.07965
Chair,175.59216,185.42465,190.01679,175.2698,136.20998,144.92823,128.47245,139.31929
Chair,152.64954,157.05304,174.49488,172.35314,91.80689,82.96168,115.40426,120.06278
Chair,196.36785,199.08211,168.39831,172.87293,124.99862,127.15452,108.48598,110.68552
Chair,170.4632,169.06306,170.77136,168.45715,33.10317,32.04966,116.89494,110.03795
Chair,125.74316,76.5494,198.36342,193.54238,107.05721,68.05661,117.31137,112.56631
Chair,177.21992,199.01328,173.06582,173.61603,109.51448,110.90614,82.11237,89.88892
Chair,57.49274,29.02013,64.84952,52.39572,108.57571,67.66963,104.05434,92.53142
Chair,167.40004,181.99985,196.84567,141.50599,106.74795,106.38736,104.57335,117.95446
Chair,174.64608,173.17722,158.57361,166.62736,125.2434,110.42604,113.34804,127.89051
Chair,116.05879,113.63778,184.26033,156.86463,90.2435,97.31479,98.21583,102.92294
Chair,167.63542,162.95405,170.1252,170.31349,116.34429,123.46893,68.47364,79.00294
Chair,19.33426,40.3178,66.35109,43.40523,67.80861,47.31259,78.69673,78.58755
Chair,59.24158,51.26959,41.9202,66.2738,55.37596,56.91663,54.5586,127.17016
Chair,77.126,51.6967,55.72425,146.92892,29.37987,59.34984,114.89266,113.06607
Chair,185.29539,194.14641,172.4645,178.96894,102.20237,99.68414,110.80056,115.83689
Chair,194.47983,192.24737,177.12422,177.09431,134.64249,146.28629,101.76258,123.76726
Chair,178.71593,179.44363,165.08004,172.25454,130.27146,126.87238,120.20237,119.04764
Chair,165.20538,162.22831,168.12249,163.75193,87.93007,89.90779,62.40267,69.36492
Chair,169.85663,168.95605,191.88965,190.05888,102.93772,100.87733,134.30553,131.78129
Chair,149.9381,153.32119,184.36786,175.98777,81.88147,79.8087,110.10698,109.30708
Chair,131.72643,133.46543,188.64424,184.42609,97.76172,94.80884,124.83884,116.04513
Chair,131.79323,39.89105,195.55374,174.0391,78.60647,59.86095,85.43206,84.86048
Chair,149.5957,164.46037,190.34845,167.69775,178.03371,175.74227,174.70189,193.10683
Chair,178.08266,175.64837,172.80637,174.73395,101.99,102.19065,70.29122,74.31264
Chair,117.84535,117.09702,96.57551,85.35765,38.67064,41.87713,111.32618,110.22216
Chair,179.4267,175.23492,191.18137,190.57654,99.15719,96.95515,129.83666,125.02972
Chair,173.86637,165.40649,169.32557,182.49489,69.50382,69.34371,93.51102,92.02953
Chair,31.75046,68.09438,79.96484,73.49908,168.80908,145.05651,143.00862,155.18477
Chair,44.23747,37.07199,89.02619,55.32238,50.14421,60.9375,151.25177,154.77155
Chair,172.68516,198.44553,189.05676,172.01941,130.84897,131.52485,104.03385,104.08319
Chair,20.08076,67.64973,104.46839,12.23742,100.54785,43.90264,135.18902,130.65508
Chair,178.35759,168.00405,194.91285,191.70357,76.64613,78.24341,102.8886,100.17424
Chair,80.14814,81.4809,157.11869,159.2869,126.49493,121.2131,114.17593,107.1738
Chair,151.54297,152.63586,178.07198,167.35597,77.72739,67.69315,79.57914,74.51984
Chair,37.74352,36.11689,94.7467,83.74013,109.91665,112.38532,149.85545,151.11189
Chair,159.93641,177.81529,198.43893,173.95784,133.18498,137.56167,114.45442,109.88718
Chair,179.60976,177.12904,179.1559,197.42621,134.92254,137.66645,125.41224,131.08306
Chair,58.31776,147.92447,199.69218,170.33084,26.13145,63.99093,107.55001,111.38469
Chair,197.61698,188.6444,174.40275,168.69509,141.03533,140.56154,125.21313,129.87754
Chair,91.84876,95.05207,198.23073,198.04917,138.54817,133.98179,127.62573,124.71853
Chair,171.37128,162.39404,188.53619,187.30383,90.87886,89.31192,101.44379,94.33458
Chair,192.79695,193.81141,176.42935,176.05641,112.64849,114.1202,107.69011,112.25327
Chair,154.20573,149.89822,181.05748,175.81468,92.46209,90.2304,78.6982,77.38762
Chair,194.88106,179.78064,165.85293,174.39995,78.56992,80.43677,77.51971,81.24981
Chair,101.15966,101.72892,199.93204,198.3338,140.01162,135.28405,135.66632,129.91313
Chair,114.50911,93.14396,178.1591,177.75369,115.45756,120.45548,53.38037,57.70299
Chair,161.21092,161.48379,190.36277,190.13049,109.09941,106.19978,133.47792,129.79663
Chair,45.69074,78.02276,17.82011,67.38404,62.2062,95.81846,134.47314,138.4571
Chair,190.43144,190.3722,171.47132,172.89468,107.15568,111.7849,98.26756,104.48466
Chair,57.46879,53.73833,61.8075,77.60351,127.17518,105.47434,110.59605,93.1618
Chair,166.13456,163.68345,172.12997,154.83059,106.23304,94.1386,86.34194,82.02063
Chair,182.74752,177.72725,161.56715,159.8215,86.19384,89.06677,70.72501,75.81691
Chair,22.79297,14.09456,177.60852,192.27393,48.11847,37.24239,84.29613,59.82548
Chair,169.80319,169.29777,168.58721,166.14958,30.45857,28.95746,114.19638,106.85844
Chair,191.57407,196.27669,160.98106,168.84934,86.65257,74.08789,72.62687,75.81868
Chair,198.66436,191.74737,179.63845,166.24406,161.80413,166.5828,133.25834,140.00931
Chair,84.92918,54.96696,48.18826,51.95655,50.56346,85.12342,157.06341,166.18465
Chair,157.06099,170.47083,171.30143,196.9479,134.35406,130.05278,138.07134,129.61969
Chair,147.57314,158.92261,172.20914,161.24481,88.84634,112.05845,132.7645,94.18301
Chair,192.60299,192.82307,174.15569,174.375,114.85425,118.23603,55.66716,65.09931
Chair,81.55705,76.52992,134.43688,169.58582,132.30607,133.06035,142.45812,136.70307
Chair,123.9241,96.47724,178.3258,173.8658,115.05092,122.14635,42.08728,46.24663
Chair,151.07064,149.16005,167.49404,165.95107,101.90857,107.54917,82.21036,86.27775
Chair,150.87936,182.66712,186.99883,153.07756,105.99906,115.56912,93.93312,84.50308
Chair,22.76028,25.61881,19.97149,55.56403,62.34545,78.65499,130.98142,133.78787
Chair,166.6765,162.98549,184.93284,182.83521,78.56024,74.86264,112.90757,110.87155
Chair,154.52959,152.54147,176.16074,171.5538,97.25329,97.13337,126.34251,121.82301
Chair,168.15745,168.93481,165.99829,165.44156,30.28002,28.88209,112.71057,105.97672
Chair,178.81453,198.67166,187.32736,185.16216,124.13673,124.29823,119.30692,110.47378
Chair,77.85134,40.43231,29.81013,52.71929,61.81064,39.90198,74.7326,92.1809
Chair,184.98019,174.48615,164.54359,154.10338,102.65977,98.11633,102.23893,108.14794
Chair,107.80899,39.31324,164.70106,167.4517,59.16476,21.82605,115.89587,175.70289
Chair,148.38492,150.47636,156.06222,158.32931,134.73087,139.87704,87.75176,94.09705
Chair,178.1651,199.14246,167.41786,163.38187,124.68458,130.88958,79.25488,87.81514
Chair,30.62647,28.22295,151.011,36.4896,178.75267,178.00331,139.92663,154.30963
Chair,32.91204,38.13672,85.02027,90.89784,39.92824,20.13346,112.86046,106.68805
Chair,163.80794,164.70424,165.84854,168.44287,163.61525,164.65123,131.744,133.47956
Chair,177.87722,176.83074,168.46506,175.23029,119.0639,112.36996,107.28443,109.90326
Chair,176.44302,171.89667,158.86755,158.82572,84.74856,90.51101,57.11401,60.1362
Chair,158.83342,163.73536,187.30475,188.83126,94.95024,88.71882,115.98798,108.27481
Chair,87.66584,85.11012,173.57526,169.41066,123.36966,132.45853,123.84128,123.1201
Chair,156.65209,56.88531,162.4541,138.41544,108.3927,110.89559,112.38153,116.82964
Chair,189.49482,189.21557,169.09402,173.13154,143.39231,144.23097,119.45013,123.69514
Chair,179.57545,192.35511,197.1178,172.91618,156.77645,153.92562,127.43883,127.13347
Chair,192.55154,189.80204,174.8734,173.49082,72.55863,74.1093,84.64937,89.08227
Chair,157.86814,170.24052,177.64092,155.041,155.71351,157.58082,131.55317,138.25782
Chair,164.11679,164.30944,165.70179,170.41309,131.37445,133.02885,94.9504,98.38054
Chair,192.17395,197.42945,166.54431,169.44459,92.67457,92.49421,74.14352,80.42878
Chair,3.23659,39.19671,177.40823,118.65635,144.28852,151.84595,173.40508,171.10261
Chair,83.87546,110.33129,101.66993,129.76445,105.73582,104.41275,85.71768,85.82754
Chair,80.28641,47.24979,49.43877,33.18943,81.92636,35.35134,125.73048,123.29779
Chair,36.85515,86.70734,40.50763,15.53231,21.27553,41.25865,82.32426,86.65466
Chair,50.61566,36.99315,31.03357,83.35548,49.28304,97.41605,122.17634,133.0568
Chair,170.73473,156.83673,160.5805,157.25561,169.19145,168.1413,103.45672,108.96354
Chair,32.48554,98.51682,173.88696,120.44952,171.52735,196.11428,2.25549,2.34098
Chair,174.58767,193.84863,166.89548,186.57579,124.68511,123.57396,99.45328,94.52604
Chair,157.90397,157.73362,185.98844,184.63217,132.27484,132.38902,160.13313,158.59498
Chair,171.02239,168.00078,171.35758,169.91747,121.37241,115.79845,86.96555,87.59274
Chair,192.85564,176.98551,179.27329,137.50105,115.49951,101.54461,79.60033,77.88255
Chair,152.96479,154.79854,189.51632,189.19026,68.17854,64.96965,91.14887,86.42053
Chair,169.19857,165.45237,165.71119,166.11162,150.52878,151.98153,130.74873,131.69281
Chair,172.16992,160.16123,138.76857,151.51117,88.98494,194.46749,58.64751,196.08756
Chair,178.77682,193.79584,187.67134,195.21584,118.75053,118.2329,137.77629,131.73636
Chair,175.35067,172.7554,173.2901,165.54934,59.93772,65.34927,195.2337,185.4868
Chair,109.30834,103.53148,177.60161,165.42983,120.01752,121.19824,106.34311,107.92254
Chair,16.28871,14.87672,198.14033,175.72021,82.32342,86.41075,41.89036,42.51271
Chair,57.67498,147.4429,175.16581,175.1464,26.03341,59.05906,105.43122,105.97248
Chair,162.60654,166.77903,182.36297,186.31433,107.48735,105.84243,134.91153,134.77218
Chair,170.40351,173.03434,172.78422,170.14435,117.67256,120.44362,103.68577,107.50577
Chair,187.89161,190.46582,172.33005,175.04224,154.6838,158.09125,130.19783,134.22672
Chair,21.15461,18.67317,168.98816,163.37984,108.83474,116.17132,148.43651,156.83714
Chair,124.34873,124.49936,167.18899,172.74118,143.48446,150.09666,103.58302,112.52536
Chair,195.93721,179.80457,182.23489,178.73611,110.3206,110.67409,117.39026,109.60688
Chair,95.54323,98.23224,165.07254,160.02142,86.09637,81.3266,50.82959,52.31355
Chair,184.89285,189.32048,164.99305,161.69809,77.34219,77.74939,71.57564,78.52712
Chair,177.57203,172.756,188.50506,185.67328,102.84826,100.32247,131.13537,128.00337
Chair,56.27661,26.2388,149.82601,121.50586,40.42081,42.59948,107.48332,102.81834
Chair,177.53848,199.9773,177.91307,176.20657,147.23445,141.65353,133.63707,129.42409
Chair,168.97237,166.51392,195.35699,197.91968,66.43473,65.72983,91.73081,85.32847
Chair,197.21565,195.5692,195.46183,196.1677,122.24007,117.99934,149.42703,146.56766
Chair,167.79742,166.36311,185.24408,183.65375,100.23467,98.32466,117.03155,112.98963
Chair,197.77427,194.65625,196.11308,177.86197,126.9899,122.20128,99.52738,91.08352
Chair,191.39683,177.4803,198.33293,178.71558,88.98514,81.99774,120.81223,117.49029
Chair,87.19448,105.42655,166.21047,198.45049,128.01069,108.32544,124.27863,118.03477
Chair,20.2834,44.57107,38.00134,68.71143,38.23436,27.78471,107.06212,96.12413
Chair,188.43646,186.81609,166.87998,170.88381,99.61839,104.19076,86.35275,92.40341
Cobra,26.67983,20.85635,197.48607,187.30399,115.21326,114.64717,168.68908,168.62105
Cobra,22.61989,10.24661,179.13915,193.97737,123.77435,0.02672,139.39013,32.83304
Cobra,2.32927,5.37279,191.08259,170.99511,172.11254,169.8597,192.30391,188.77233
Cobra,5.75667,9.57334,80.63016,82.39021,167.13796,171.54584,170.27914,169.52083
Cobra,32.64951,37.3283,100.6516,96.46037,153.14896,151.13351,173.20877,175.79865
Cobra,22.42309,25.5363,178.30255,196.01194,143.47218,145.01661,190.22634,189.55947
Cobra,9.32963,6.0099,151.44025,159.80156,131.80507,117.34698,140.3548,169.6098
Cobra,28.98276,25.38367,168.84026,199.10576,67.59223,98.61059,156.46077,171.75823
Cobra,42.00474,46.13936,168.48052,168.10399,142.09316,141.97196,194.70289,196.29278
Cobra,22.6863,16.85833,193.82073,193.09042,142.74294,137.45648,155.00901,160.49733
Cobra,17.47476,14.01297,92.77937,72.24055,168.7989,168.61583,174.08277,177.34968
Cobra,27.33776,37.25137,169.7625,175.8334,148.95443,151.09109,199.85873,196.67127
Cobra,79.35372,77.05579,118.16826,107.78492,170.72036,148.98114,198.2339,178.72194
Cobra,7.27855,7.40722,166.50994,175.23374,117.6168,112.00138,160.32515,174.09402
Cobra,132.94263,58.17821,108.22545,89.21645,21.01478,46.22118,148.88799,176.62409
Cobra,11.74195,65.61335,87.72845,56.40427,97.09204,64.70426,79.89509,62.50955
Cobra,27.41362,16.63384,116.48509,127.87754,125.08798,128.42422,170.48603,170.50503
Cobra,16.3565,16.09055,188.97781,185.41086,126.60037,122.43749,169.34785,160.08312
Cobra,19.96462,23.78282,172.10671,179.51844,151.80722,148.00035,193.87026,193.35145
Cobra,31.16677,20.12008,199.65845,194.69092,116.57572,115.4867,167.39557,170.45664
Cobra,10.60159,15.04087,92.047,96.21676,156.75853,158.44617,165.7441,168.9415
Cobra,26.80636,29.53083,165.26595,168.30015,150.81446,149.95124,184.30243,159.78916
Cobra,25.79419,26.54625,149.15235,152.33426,136.42469,136.46822,192.40636,167.53805
Cobra,21.34266,18.61638,139.0049,132.31069,147.37521,141.57525,166.97265,174.55251
Cobra,21.28188,22.00789,171.65719,175.31213,149.09261,146.66278,197.54904,179.17396
Cobra,19.4229,21.07394,154.95384,148.76317,137.9408,132.42565,187.68479,170.94573
Cobra,57.5974,56.23961,186.85037,189.25067,124.14478,124.5565,173.60242,167.56403
Cobra,7.13353,3.12087,99.70255,108.0934,151.92021,149.78969,192.95249,195.54217
Cobra,17.50123,17.62265,177.26646,196.61848,23.06077,12.42633,31.4796,30.87367
Cobra,18.31419,16.45678,153.68182,153.87396,130.58669,147.62902,117.10809,142.66613
Cobra,27.57695,29.09509,173.99037,191.04699,140.09627,135.71467,179.22335,199.39454
Cobra,11.6506,10.358,191.60886,192.19044,117.54338,114.10737,175.23808,178.29483
Cobra,23.17403,7.15853,149.744,136.88254,119.9159,141.49011,163.93873,158.0841
Cobra,10.47925,11.51672,194.98372,194.46806,119.98231,120.86509,168.99903,169.83729
Cobra,28.69389,24.77606,187.62548,179.20474,144.07871,135.8736,149.39283,155.31239
Cobra,54.43339,59.74245,140.12601,107.35413,9.77525,10.84413,94.36247,87.8152
Cobra,15.84608,26.78261,195.87751,177.13978,115.85743,111.25172,160.92662,166.26171
Cobra,20.58084,38.83222,194.36689,185.63633,108.79672,112.59408,156.46331,181.18458
Cobra,31.76374,32.45726,191.96916,194.13159,131.16085,134.16275,169.94347,168.72398
Cobra,12.16398,12.46581,189.97096,188.76201,119.10694,121.8659,156.69048,154.84097
Cobra,29.61894,23.37075,191.45121,175.51169,141.34764,140.81541,177.86069,198.80949
Cobra,33.69978,35.26097,114.45172,101.35867,145.99698,121.86887,166.74193,167.69517
Cobra,9.85624,8.60933,120.34723,154.73918,132.46335,131.92515,160.3542,171.4949
Cobra,51.71236,47.43559,120.94543,132.74676,136.08531,136.14974,199.31203,176.57215
Cobra,6.49592,6.43805,198.60712,198.49397,141.46015,141.64353,197.0445,189.72924
Cobra,57.80543,57.24159,128.94429,150.82928,138.87939,19.28015,172.5654,103.13616
Cobra,17.89041,22.21322,174.51851,197.65552,141.98867,143.7519,187.43371,184.40733
Cobra,19.01656,30.48525,132.33228,143.02554,156.45114,153.15499,174.66294,194.91386
Cobra,16.44188,9.35124,199.77191,191.15462,115.80327,113.07966,172.43233,175.11378
Cobra,10.15345,12.23674,194.26373,195.47805,117.38636,117.02944,176.41502,177.06055
Cobra,6.69543,5.03754,190.109,185.20463,150.77331,184.80697,157.744,181.86066
Cobra,14.20659,14.92457,159.13268,166.4335,124.52031,124.68113,171.30054,171.23405
Cobra,13.69551,13.6852,176.96906,177.62355,149.42202,148.08107,183.81949,161.5424
Cobra,10.04248,9.34405,179.47631,178.13162,6.42408,57.30432,150.51867,119.22711
Cobra,12.30177,42.31675,189.28846,194.03424,129.43145,126.15659,135.24505,162.88009
Cobra,12.3007,17.69876,164.74624,174.0318,156.83547,159.07525,190.39101,184.55716
Cobra,28.30008,40.67125,167.02653,196.08519,37.83612,86.55642,22.50577,17.3001
Cobra,31.41241,15.12949,169.5414,147.55776,138.57309,144.97234,156.28986,115.4447
Cobra,18.83404,13.78062,198.11969,192.1558,139.04084,136.09395,154.32154,159.00298
Cobra,30.54518,21.54197,188.43039,175.26763,119.0504,114.80824,168.41869,171.18657
Cobra,8.46448,8.79059,188.87053,173.88429,16.47365,94.05178,41.26906,179.06086
Cobra,64.79028,38.61739,173.83566,98.05688,96.81723,120.64483,175.20919,176.55332
Cobra,38.12977,7.76679,174.2776,132.31761,75.63177,76.29929,190.98911,173.65485
Cobra,34.95095,34.14644,178.13276,199.93839,37.04372,158.47845,70.21083,161.72308
Cobra,12.96383,64.47823,153.759,182.93006,60.77307,32.51664,159.47912,40.4292
Cobra,5.07611,6.17328,186.7853,189.43416,119.50749,121.20028,167.59263,170.02186
Cobra,3.18073,7.26395,197.82054,174.8831,119.40345,117.97222,191.33739,164.86827
Cobra,22.52657,31.4281,159.96027,171.14172,117.97132,105.02387,190.11744,177.45266
Cobra,28.25296,28.49283,166.7496,164.05039,162.84394,162.00524,185.2936,190.5991
Cobra,51.94012,54.07727,108.4616,91.17309,165.88984,161.27021,190.6033,175.49517
Cobra,7.35152,16.88829,198.47896,194.0772,125.74231,132.41947,132.06155,139.67308
Cobra,20.49783,14.90352,167.39578,137.5202,105.58799,104.11162,161.52035,165.87349
Cobra,8.95815,7.59692,159.54384,152.50155,141.95719,138.80634,189.15839,167.04326
Cobra,10.86431,13.54399,176.56958,176.71947,139.26512,136.61452,185.7238,167.22319
Cobra,7.62214,14.52039,153.60169,158.39203,133.90119,135.7762,169.51949,177.41881
Cobra,2.13942,3.91494,99.79681,99.29585,167.96593,167.25155,194.46138,196.49859
Cobra,18.71519,14.59281,179.6655,199.50796,122.28163,121.7769,158.23148,162.89719
Cobra,10.62693,9.71395,177.40987,198.06458,37.70362,157.09685,195.28598,7.14762
Cobra,35.44512,30.65787,192.96593,190.1494,107.18648,112.93416,197.66217,173.86164
Cobra,7.31884,29.35433,149.5785,169.13094,101.6009,117.17591,190.86979,195.16821
Cobra,40.83053,33.05438,197.95802,193.89826,126.42073,113.33457,150.50752,173.21301
Cobra,14.19457,15.41576,171.75548,174.62727,144.82118,148.41013,176.6693,193.94707
Cobra,22.78029,29.09207,99.56169,94.58893,153.30604,151.22674,177.03664,175.30881
Cobra,15.76933,14.41544,173.87798,176.62891,145.97492,144.23645,183.84528,182.464
Cobra,52.83507,47.09219,114.60413,127.04119,146.35444,145.65326,168.43339,169.36062
Cobra,47.25367,57.28319,91.33731,88.75057,168.69332,149.55225,177.43735,178.17359
Cobra,35.58021,6.27928,176.62915,198.07805,131.34791,116.64887,119.75652,120.01569
Cobra,12.90034,9.60281,143.54434,138.47491,138.91983,141.24867,172.62163,178.92448
Cobra,20.09269,22.99297,175.46826,197.19525,158.38723,155.82025,129.84384,145.97836
Cobra,34.60383,29.95309,141.10572,174.27899,129.13102,120.71716,157.50294,169.72213
Cobra,37.85712,36.62252,124.79369,47.3452,184.35921,163.39711,166.423,164.35203
Cobra,9.64419,11.53239,186.81444,188.92775,124.39557,120.51292,168.80502,172.47246
Cobra,5.03659,46.32145,155.93515,148.05501,135.46177,141.61457,178.98451,188.9308
Cobra,27.96805,27.5467,171.96119,172.13724,138.6618,136.33321,198.97371,179.2351
Cobra,28.6658,25.42373,177.6329,195.49803,127.33522,121.19583,164.38498,173.39062
Cobra,44.57509,27.21935,134.0429,126.90774,116.09335,109.01559,179.05665,168.67542
Cobra,8.57557,23.98398,191.28766,195.75914,114.33819,116.9987,144.5738,165.03501
Cobra,7.83086,8.07133,197.28766,199.65653,140.82789,135.30271,194.83404,187.16798
Cobra,0.50301,33.35244,161.90491,188.96477,37.78921,36.22061,26.03742,58.56253
Cobra,12.2664,2.2628,175.84681,154.83368,163.84188,130.64338,125.07134,39.07252
Cobra,24.23978,22.88532,172.84052,175.24488,122.47722,123.6818,168.08855,167.35677
Cobra,29.38056,29.49346,186.95114,187.6482,144.66328,149.07808,167.38665,159.79089
Cobra,15.38751,1.7391,173.94958,176.2591,154.56129,148.49689,136.88891,130.29883
Cobra,11.81439,22.70812,26.23019,12.79312,124.30952,138.64767,173.57781,157.78193
Cobra,14.29569,11.15659,191.55132,193.16392,140.90426,139.7031,140.98968,140.41281
Cobra,13.97606,23.88814,194.65672,179.96588,115.02679,120.78877,157.9315,141.94
Cobra,27.33726,5.99299,152.76226,161.47381,87.29497,31.54861,31.21212,179.32755
Cobra,20.79489,21.3127,169.87455,169.49663,158.47652,153.49501,177.61183,182.62113
Cobra,54.27776,49.66939,83.96002,125.35224,154.86563,112.83351,163.22329,193.96913
Cobra,76.69144,72.8046,25.07062,32.55526,142.78045,143.94206,167.76679,173.73715
Cobra,46.61114,49.7935,198.75487,197.698,150.85055,154.87709,162.41763,162.41495
Cobra,7.00227,16.41058,191.3664,197.29665,114.77597,107.43169,169.54274,172.58541
Cobra,29.00053,5.17674,153.05977,130.09602,119.23856,155.24322,165.12593,132.15617
Cobra,18.76971,25.26098,178.79556,199.69012,145.03983,145.65345,187.69595,187.07194
Cobra,17.02252,16.78512,174.86106,176.60875,142.82248,143.0374,199.37882,198.26189
Cobra,69.85551,53.33081,125.05004,120.15866,148.27305,139.67159,172.30074,178.24241
Cobra,0.87939,5.21365,119.76207,114.48396,154.03667,152.99694,173.19154,167.41246
Cobra,13.78788,12.82306,174.38214,173.25462,155.91519,152.41886,189.42768,185.80124
Cobra,29.38326,16.86244,177.99023,184.36566,155.41242,140.32774,154.75056,168.27735
Cobra,36.30016,34.97509,190.84285,191.59731,126.9344,127.15465,169.04107,168.45178
Cobra,54.15532,50.62224,164.46367,167.8323,157.94373,151.09255,147.55677,160.42703
Cobra,8.10182,8.22199,169.18899,176.8757,134.71051,141.80073,71.79913,26.73346
Cobra,18.25524,4.49762,178.1937,176.88779,105.87307,131.65143,166.03582,156.94782
Cobra,15.61905,8.35084,173.73265,170.52235,142.08825,140.68584,192.30437,188.43939
Cobra,18.12312,12.48347,67.93248,90.52396,166.63647,170.24771,177.77602,175.16329
Cobra,43.85165,39.62207,148.91846,40.92638,161.92747,154.45484,99.25458,88.38222
Cobra,33.32718,3.20058,190.51116,170.83171,128.91931,194.13709,162.53644,159.7248
Cobra,6.95465,5.46737,179.74843,196.75242,152.97739,117.36424,141.91783,170.22921
Cobra,1.61897,4.43846,168.37232,166.18908,8.01013,31.4389,53.01821,161.87978
Cobra,3.4794,4.09098,191.47101,145.5682,192.40027,185.32821,194.43022,172.71545
Cobra,16.58389,3.64331,173.30817,173.10499,124.99635,159.08741,172.71601,81.1815
Cobra,14.3591,14.79793,177.82105,175.69004,133.5442,132.76446,179.44922,198.34893
Cobra,15.5134,14.66085,198.4258,176.57182,18.3718,103.9829,178.56052,145.01703
Cobra,5.98231,14.26213,149.10109,165.18284,98.33333,97.33756,171.28228,170.30821
Cobra,10.82453,12.47081,161.25252,167.9072,144.82644,143.94408,179.36078,177.01985
Cobra,11.21789,10.53487,186.25735,189.38117,194.39827,148.85702,157.21533,168.29254
Cobra,37.73655,19.43086,126.66916,133.24088,150.08306,155.88486,146.4098,115.27036
Cobra,13.05286,14.94069,167.31803,162.51106,145.06162,140.64527,182.44306,186.99337
Cobra,49.72226,46.5322,120.22464,133.37759,145.78707,143.15499,168.2362,167.66178
Cobra,15.57126,16.94573,169.76651,168.44878,148.72645,148.96262,182.3792,148.37675
Cobra,16.42693,12.85357,197.35724,189.75468,125.47037,128.10158,160.19524,158.87978
Cobra,19.68973,7.31357,196.9374,174.92559,131.0922,124.10234,174.93721,172.80321
Cobra,60.60721,59.27887,199.27623,171.37633,116.3324,104.5198,189.42736,177.50488
Cobra,23.77878,18.30931,97.40833,100.09319,156.6615,149.28852,178.85979,178.20886
Cobra,16.07218,11.71825,192.88415,192.23802,130.19866,131.19101,100.53299,137.81219
Cobra,1.53808,3.93932,172.08803,141.29995,100.68948,94.10783,138.16732,115.7121
Cobra,3.58703,9.72842,106.96732,101.468,162.14509,135.07308,199.2846,171.35388
Cobra,54.60811,54.65518,110.39098,100.23626,162.40109,160.3198,168.76133,167.91859
Cobra,8.60771,10.20287,171.49692,176.01177,147.10399,147.16158,195.68046,193.21525
Cobra,22.13437,22.1344,193.79038,192.7177,111.27814,115.74209,166.75579,161.19164
Cobra,11.64758,12.49955,189.74873,193.02848,115.85754,115.13901,173.41332,175.26022
Cobra,18.71486,15.77803,178.99085,174.62515,144.27611,142.10204,193.10664,195.52084
Cobra,22.42493,16.49045,195.38079,188.01686,143.72877,112.21101,117.17911,194.98652
Cobra,60.83244,39.45418,178.03251,111.29975,104.00408,120.44182,169.30532,172.91373
Cobra,11.04709,12.8691,164.52657,167.67588,126.23123,130.81587,170.0012,171.70015
Cobra,21.43011,29.28252,177.43442,173.27383,171.26038,173.4405,169.48633,150.44138
Cobra,32.6754,31.60695,176.04974,177.47031,138.88335,133.25773,162.38691,165.09284
Cobra,23.83505,49.20378,147.51559,146.04138,100.65029,115.04167,188.0351,182.18468
Cobra,21.37036,32.48231,168.92366,167.53728,155.03141,153.34823,143.83003,141.3381
Cobra,13.34724,13.91486,176.2784,174.96728,143.89677,145.61606,187.4135,155.79449
Cobra,31.13305,36.62978,164.37222,177.01446,139.32238,137.52671,196.87242,170.48054
Cobra,42.66435,52.47858,172.17594,180.7598,100.04169,106.64231,180.0724,177.64902
Cobra,18.24071,0.53438,178.02411,179.48012,129.97942,141.62476,178.17085,143.56014
Cobra,22.91834,44.2375,158.14884,20.23852,131.58654,123.87151,176.87705,175.21451
Cobra,16.10552,13.68478,174.62253,199.69639,126.22496,126.21071,171.13915,175.12707
Cobra,7.91131,17.7116,144.35475,181.24924,164.34365,158.5781,135.1553,159.78422
Cobra,8.47529,17.89864,170.15497,184.16401,114.3273,118.58166,150.89003,147.35255
Cobra,52.40425,54.70951,142.89237,146.21766,140.35837,139.12637,170.50468,177.41295
Cobra,20.62299,22.06067,172.40958,174.62271,161.33274,160.97003,176.71211,176.44175
Cobra,17.12116,17.25479,170.2174,169.34736,164.80974,170.68252,182.9915,177.8939
Cobra,10.92377,13.61363,167.23168,170.59788,144.76856,151.10397,160.23911,154.51308
Cobra,32.96432,28.99428,196.10947,191.22189,146.21372,145.97639,161.2197,163.27659
Cobra,4.91542,16.52614,89.68599,92.40389,183.33467,168.11396,190.14053,179.05752
Cobra,29.74859,28.92175,137.80985,167.96234,150.91442,137.26097,156.18091,194.69004
Cobra,47.22297,45.91266,91.46148,131.494,140.63233,144.20183,175.31286,164.03843
Cobra,19.20008,15.22153,179.72636,187.67592,119.98393,119.58047,155.29957,158.48868
Cobra,31.94457,32.11752,181.25733,179.71262,126.47888,126.07322,155.08072,178.47967
Cobra,10.29668,14.68382,161.98615,162.28014,140.7727,139.35828,155.82681,159.17055
Cobra,5.83549,16.92274,171.60878,187.13124,120.19543,87.02333,116.98925,121.30403
Cobra,12.49412,10.1288,126.12141,125.67798,163.41285,157.82687,189.84384,171.86126
Cobra,14.43621,18.2306,178.15571,184.34017,136.97935,116.55246,136.97953,175.98125
Cobra,19.85789,16.60118,162.14135,159.57885,131.94279,130.99125,192.71348,196.95908
Cobra,18.68688,19.73632,146.4629,142.26229,145.99766,147.42815,168.58034,165.31112
Cobra,8.72383,7.58685,175.83785,178.92118,136.30993,132.59734,191.17956,192.56222
Cobra,12.21373,10.27191,167.50989,164.76311,132.87724,131.70483,164.20001,164.30359
Cobra,16.56852,19.74724,198.77584,197.61209,125.95073,125.73974,164.58292,170.04015
Cobra,21.35271,13.61931,179.13163,192.16879,130.01161,127.39014,162.40277,162.42744
Cobra,42.01643,15.02054,195.22107,167.22703,102.18385,74.09546,164.1344,160.26778
Cobra,27.86776,3.91712,196.15627,198.28171,73.61235,60.95649,53.94664,40.58819
Cobra,12.42624,10.03513,143.78256,141.50085,144.85471,142.27106,166.9891,196.25315
Cobra,13.01615,29.8323,155.9364,166.92862,97.58865,100.53996,184.5172,196.36454
Cobra,7.05057,14.26447,72.79295,58.86999,121.49195,181.57153,160.58441,176.79688
Cobra,21.65756,25.49955,178.76434,197.17562,131.02584,133.68782,195.80334,193.7698
Cobra,38.58909,42.50721,94.41951,93.52801,157.81984,156.23666,173.60498,176.16074
Cobra,17.50436,13.13115,171.55648,169.32904,138.93586,138.02824,194.59011,193.96067
Cobra,46.94878,32.02246,178.94546,188.56025,132.47039,126.26107,167.07985,169.46963
Cobra,16.56476,14.40406,173.76064,172.55628,146.52254,145.67489,196.1239,194.81643
Cobra,16.05532,18.15029,168.57414,169.16963,146.17716,150.54036,189.61205,148.90523
Cobra,16.91544,18.16544,173.40477,173.10216,144.82835,144.96461,197.39312,193.43519
Cobra,23.1942,19.93905,189.76355,199.86596,133.75156,128.30083,162.74996,167.33853
Cobra,39.07148,37.69737,113.5084,128.13064,143.8309,142.66093,163.04717,167.10571
Cobra,29.14256,30.9454,197.39775,194.17728,134.27458,130.78483,192.10997,196.97442
Cobra,15.83057,11.38776,177.17235,197.87429,19.40174,32.77832,10.71609,40.15188
Cobra,25.63818,25.27384,178.3282,177.70548,162.57711,157.31479,180.28678,186.32888
Cobra,67.9259,85.45054,138.14395,176.49613,150.07002,161.40447,187.75505,184.91807
Cobra,4.7057,17.03645,193.97807,198.05363,9.465,155.33741,46.36051,142.65947
Cobra,2.56696,9.88641,181.67504,186.09411,164.22795,152.71682,111.48525,191.76574
Cobra,23.2512,22.83817,175.75652,194.4479,48.59975,51.08387,151.50238,142.52773
Cobra,30.67825,23.97573,142.42806,122.90434,51.66289,95.17732,100.14679,164.52433
Cobra,22.30395,22.83097,111.69625,118.90764,142.82517,145.17393,178.52785,174.87371
Cobra,17.99652,12.15882,173.92768,169.1176,17.79004,51.92305,4.07858,66.85453
Cobra,14.53548,24.16169,192.70161,196.89006,114.61853,114.97437,164.89032,161.1788
Cobra,13.85248,12.97322,172.01375,173.47097,141.41151,140.97499,155.80482,147.78198
Cobra,8.33305,9.99828,180.93618,189.293,96.25686,74.51862,131.10283,188.41628
Cobra,16.11078,10.40745,163.40342,169.77258,149.86318,147.70453,197.71625,196.16473
Cobra,29.90769,30.02,180.90093,179.78735,157.42234,161.81142,168.43685,170.0762
Cobra,16.18699,12.70916,192.02394,186.00431,120.78064,121.43178,169.7481,164.09664
Cobra,62.54521,58.89688,17.98484,21.60896,145.38061,148.61818,166.28079,168.2894
Cobra,4.98949,8.82363,147.49495,148.48308,143.88921,141.37977,170.36256,176.2489
Cobra,1.934,3.50208,5.79042,88.95242,108.51428,115.44927,45.32719,71.74651
Cobra,2.74107,6.91835,94.46187,88.0939,172.89339,168.29204,191.66358,176.98438
Cobra,7.85631,11.48216,99.983,94.83343,162.60989,137.26292,169.33,174.03521
Cobra,8.25511,5.15067,165.27007,164.63591,132.87365,130.41192,164.40036,166.5827
Cobra,21.86588,9.92636,198.15034,177.38823,167.21716,151.05197,158.49468,138.36932
Cobra,4.22549,7.86593,193.30934,189.27977,42.27904,24.65313,92.47676,16.41934
Cobra,34.69391,34.35466,196.03214,194.36924,132.11563,135.61565,173.18504,171.18687
Cobra,32.366,27.90579,199.37893,197.39572,23.38794,48.26455,176.42122,194.05107
Cobra,11.57758,12.45591,151.10181,136.82591,143.06391,145.50249,198.3184,172.61634
Cobra,31.78773,32.53439,141.34452,134.11478,140.53173,139.30044,195.30568,175.66951
Cobra,16.41243,17.93813,175.28141,176.03269,152.85558,152.18808,182.62883,184.88572
Cobra,19.8491,19.04205,190.99015,189.59402,129.04814,128.75206,169.05223,172.82406
Cobra,3.37431,5.69657,169.71784,172.95761,116.81121,111.6608,161.14178,192.2818
Cobra,6.36095,9.83938,169.39281,176.60658,121.41287,128.28464,154.54206,146.76304
Cobra,1.02987,11.89962,168.39258,179.13007,165.74678,178.17804,196.56319,197.63713
Cobra,21.66679,25.48882,155.02688,99.85919,112.67189,115.76155,151.33972,147.42366
Cobra,22.37752,20.14927,152.24219,150.20047,139.44554,135.63515,171.86658,193.64539
Cobra,12.7533,12.13835,166.36731,165.27377,152.91836,155.49839,186.14236,160.42424
Cobra,10.90957,13.10992,176.83175,178.00105,140.45995,136.99944,179.90471,179.86146
Cobra,20.88015,10.33069,191.61512,169.31471,131.8845,147.65912,149.57793,189.83706
Cobra,25.59699,19.99237,117.63731,113.39262,149.05632,145.93539,197.9069,179.73356
Cobra,142.19971,132.57933,198.24907,171.51573,136.21659,133.45986,145.16478,138.53293
Cobra,16.67042,10.69599,174.7884,178.99583,116.72051,111.32791,171.71159,173.43391
Cobra,52.09436,59.04752,120.54043,134.5034,139.06487,142.9628,194.78619,198.29954
Cobra,35.11749,37.32619,174.30736,178.33247,140.73647,138.9659,161.12273,147.33418
Cobra,8.46373,8.72737,102.93557,100.45888,161.23995,160.31108,195.7538,174.06832
Cobra,64.33389,59.71383,96.04888,135.77509,147.15602,151.90468,177.96035,173.24276
Cobra,24.59078,15.57654,191.4345,186.48808,128.0585,127.31482,197.21435,193.45051
Cobra,13.84998,19.89798,166.85197,174.75761,147.80342,149.7745,187.87703,182.5073
Cobra,14.95995,15.17831,193.94442,177.95846,125.6735,123.94076,152.29552,154.57608
Cobra,6.3121,21.23732,197.35394,177.4312,113.75312,123.73404,173.72866,190.02067
Cobra,20.89225,22.5404,177.38013,186.65062,133.52534,116.96694,115.25516,171.96758
Cobra,16.94261,14.83709,195.92895,191.15769,122.37893,122.45182,167.63837,169.42571
Cobra,21.30639,17.08775,197.79801,191.64756,129.20388,127.3237,164.42015,167.16088
Cobra,60.60175,60.7398,127.01929,130.53456,148.74404,143.33757,172.31661,179.96487
Cobra,15.61231,6.85695,127.81891,110.95047,168.5042,162.25415,160.05211,158.95052
Cobra,20.94166,17.52123,146.7373,144.81082,136.60136,131.84405,171.63739,171.51671
Cobra,16.07837,12.19452,192.1139,194.07842,160.04535,152.40323,153.84985,166.92772
Cobra,16.30399,0.31251,177.36306,173.10663,130.65644,135.23384,168.35152,150.45449
Cobra,28.99523,30.57901,190.44288,193.44431,126.00912,118.6552,160.62977,172.13223
Cobra,23.80272,26.18818,196.41362,197.68991,145.66488,150.56485,187.78389,185.37778
Cobra,2.56921,7.59279,124.5674,130.33109,144.01733,147.16566,172.89346,175.18718
Cobra,19.29633,16.17217,194.72646,196.95186,133.39312,109.36953,123.70038,173.05366
Cobra,24.80193,42.98827,139.56061,149.73461,107.97373,117.7883,191.12641,179.99623
Cobra,28.56421,30.62975,164.56208,166.38902,149.12545,145.36171,185.19676,165.5432
Cobra,13.28723,13.58748,185.74137,186.91711,125.24639,126.7332,164.18539,165.23677
Cobra,52.96978,37.58914,139.81195,116.05401,173.7974,171.29063,194.82162,197.85644
Cobra,11.50654,13.28312,147.28405,143.75302,150.98786,148.12803,189.96281,194.27502
Cobra,2.09891,10.62007,162.97324,172.87037,104.00121,51.7835,49.09267,24.96145
Cobra,18.58589,19.92875,171.64786,173.91733,155.05655,153.08982,178.66816,157.82814
Cobra,7.37156,1.24424,106.74488,114.45699,143.41113,139.5165,176.13147,178.94798
Cobra,73.60671,62.1515,178.77555,149.77936,143.97615,136.63732,177.9059,190.38491
Cobra,37.37356,45.62481,100.10052,90.80441,162.81412,160.51649,172.1012,176.4509
Cobra,18.24162,19.34529,170.63856,169.24923,134.93165,143.31312,197.88648,198.73692
Cobra,18.33165,20.06889,173.27799,178.55954,155.02154,151.48675,153.20426,153.57363
Cobra,17.51458,17.01578,193.98043,192.46948,130.42396,119.69345,157.1435,197.28843
Cobra,37.72411,38.00609,117.29146,143.64143,125.42531,125.29405,177.74332,177.37487
Cobra,12.18563,13.85827,173.31199,199.18314,144.30596,143.00124,178.54316,182.74572
Cobra,15.99119,16.10635,199.16876,170.35262,114.91191,115.89801,139.30578,133.11159
Cobra,24.24602,27.20346,177.98256,195.05427,149.54939,149.16507,188.02431,186.54272
Cobra,38.29381,42.69643,107.92114,95.65573,164.64064,165.83273,164.63438,160.80782
Cobra,21.53253,18.99738,192.61194,191.39869,120.10943,122.7262,176.31761,175.14385
Cobra,19.46938,4.71562,179.89509,197.89784,140.98073,146.54953,189.87273,148.29905
Cobra,23.35009,25.13506,161.96765,152.07151,157.35532,149.93447,174.16279,160.06316
Cobra,19.04747,22.43126,199.50108,194.37096,27.01882,28.32573,137.38902,135.91801
Cobra,16.06328,16.62024,166.79439,161.44412,156.04124,154.93809,181.36699,179.09237
Cobra,40.44313,141.26593,20.14775,116.86613,178.83956,176.14565,191.30684,192.22627
Cobra,20.2442,27.85053,161.24718,198.27193,156.37205,173.18752,167.51063,148.19896
Cobra,16.41382,5.41779,172.99077,172.22148,138.48294,142.28112,176.7522,162.02466
Cobra,13.1426,5.26077,175.14836,178.47935,76.81633,67.19452,171.92799,156.49182
Cobra,15.90992,13.69397,194.30758,189.70487,126.8993,126.33472,169.21524,173.48135
Cobra,26.21857,11.62442,178.06564,160.71093,153.62155,154.05872,178.34068,179.45992
Cobra,10.63771,11.83756,171.30894,175.50001,120.02852,117.88334,171.92778,174.00808
Cobra,21.21555,13.4512,171.15734,174.00101,138.63962,133.47466,191.74821,194.41623
Cobra,3.92616,8.05969,78.83541,79.8586,158.10732,178.88616,170.20163,163.3308
Cobra,5.81578,4.83858,109.63598,106.45798,148.8231,148.99812,199.18324,199.96633
Cobra,41.29712,35.5414,162.28385,162.81837,145.82648,133.46246,161.3096,172.76995
Cobra,7.6485,16.3602,192.00613,193.33767,128.63352,127.90089,143.34763,167.55293
Cobra,16.03627,29.66144,196.0532,159.0786,114.85992,118.79752,195.05031,195.34962
Cobra,66.35143,69.35871,103.70491,98.57012,176.63763,176.95978,197.68509,176.98662
Cobra,59.31633,58.62564,116.1793,124.19483,150.03112,146.54922,175.74222,168.44832
Cobra,18.97194,24.23713,171.26216,178.25306,157.57315,158.32325,189.54682,192.76742
Cobra,47.36623,50.62414,97.97021,87.19696,172.67277,166.62158,188.22632,194.5433
Cobra,17.16132,16.28427,194.19011,191.83064,131.93177,137.40233,163.75023,160.22897
Cobra,15.89379,13.78576,195.27243,191.37002,119.41747,118.98888,174.34198,176.18672
Cobra,40.12958,35.16711,191.66515,189.63113,147.4658,155.13758,178.75903,199.24852
Cobra,15.83519,20.39583,172.84829,195.55276,127.07333,134.30558,130.61203,130.35894
Cobra,12.52927,12.46819,198.6423,179.44703,134.59219,129.87448,120.19733,141.44586
Cobra,34.37426,36.62208,145.83158,168.68401,133.69902,134.35362,174.40726,167.93648
Cobra,29.52171,22.71451,177.55283,191.82242,111.29955,112.43128,171.78303,169.15914
Cobra,11.50662,14.07304,177.45168,197.3229,150.75394,156.99367,176.12053,146.23744
Cobra,36.07048,37.26846,173.48072,174.76449,141.92584,138.16895,160.39278,161.97145
Cobra,19.17064,13.83061,195.95098,192.12968,130.14272,128.62412,163.42824,162.96074
Cobra,16.04637,23.66267,169.67929,199.16863,143.64155,144.87538,198.64656,198.9385
Cobra,3.82538,6.56068,178.36481,179.6848,130.97578,137.11729,191.17603,158.49975
Cobra,18.75369,0.12488,177.94156,179.24711,102.46233,124.72931,198.05419,169.78378
Cobra,64.77599,70.92612,166.55463,175.38739,156.98328,159.64558,195.79198,191.27441
Cobra,20.86866,16.42459,177.67815,184.93686,139.47404,110.0771,124.20389,194.03651
Cobra,25.61218,40.45828,168.28891,187.45458,68.43972,121.00084,76.23987,164.60957
Cobra,12.1794,9.55147,194.57336,192.79346,126.8078,118.55208,160.96399,178.21179
Cobra,16.93543,16.71131,192.22028,192.60762,126.71943,125.06596,173.29358,173.65347
Cobra,34.39211,25.87212,194.35126,180.40313,131.68279,119.78729,148.2977,166.6763
Cobra,70.00526,97.91934,193.59042,134.2328,136.24394,131.32929,168.00661,193.18598
Cobra,4.57531,28.0452,189.66072,189.57875,117.01686,105.61056,141.43097,195.25173
Cobra,17.63279,14.91089,172.07184,166.73022,114.96359,113.18311,198.69805,179.34844
Cobra,49.32741,44.58604,150.08922,123.34583,168.27545,175.34968,171.61865,165.33004
Cobra,4.03765,7.60697,192.30354,197.987,110.34021,115.33298,168.72361,166.24749
Cobra,3.35828,8.86816,195.71529,199.60671,109.26876,112.97875,173.06896,172.97786
Cobra,14.37957,23.71952,162.03133,179.38842,141.31653,141.7237,199.94369,196.90676
Cobra,13.45692,12.96883,168.35875,169.49119,140.91152,142.58841,187.7522,162.85688
Cobra,53.5306,52.75775,115.70863,130.08751,145.28446,146.88483,173.39695,173.88335
Cobra,47.03009,55.29522,98.21727,94.67892,173.74055,172.15932,186.54634,195.96268
Cobra,36.6519,41.78198,136.14284,121.25018,148.60457,154.7273,194.71926,166.57742
Cobra,8.3612,9.30916,187.43995,191.21058,117.03884,120.38871,160.68836,154.57902
Cobra,15.46092,13.54119,196.77353,191.45289,117.7587,122.47083,165.69242,161.87205
Cobra,20.17628,16.93614,196.88815,192.64388,119.26853,120.58653,172.86686,171.79005
Cobra,13.21807,0.429,179.22384,199.20893,100.52877,143.62706,169.24255,159.30266
Cobra,12.66066,14.797,175.54373,178.99629,146.63046,145.51031,183.75784,183.00238
Cobra,20.27799,15.23119,145.66729,158.63658,60.56971,24.55811,172.2097,168.23185
Cobra,54.14977,32.49268,135.10538,115.8053,94.40689,126.2422,189.57331,159.25704
Cobra,11.08643,11.06629,159.40191,158.78037,131.16511,139.26763,161.76058,148.98174
Cobra,10.11088,14.24628,118.93721,133.27105,146.33682,147.35392,172.30709,171.52345
Cobra,13.19721,19.70814,155.99558,166.07849,160.61995,158.31441,186.93416,188.10913
Cobra,12.11059,19.23671,172.59827,194.88573,142.33771,141.45819,187.47863,186.70613
Cobra,8.68405,13.60506,163.99762,174.09352,132.92832,135.19178,170.23876,197.60397
Cobra,12.66042,29.33709,187.16191,191.98693,132.52911,118.1663,143.51089,175.39741
Cobra,4.27847,0.72673,170.90606,174.2095,133.46079,127.2782,156.23248,191.02111
Cobra,1.48389,26.46746,183.41308,163.84528,1.60019,64.26221,40.42069,16.98423
Cobra,37.07436,40.99752,112.58789,97.71348,152.81663,151.70177,195.8428,176.08309
Cobra,29.1049,26.04195,191.57655,187.557,132.57466,133.14693,162.23938,163.39145
Cobra,13.29704,18.5657,165.24179,181.2875,170.72523,188.29126,196.34309,167.00887
Cobra,11.71202,10.00931,196.20025,196.13346,141.94997,133.41586,129.38564,148.75179
Cobra,24.67892,25.74219,162.49336,161.96392,157.39263,155.2282,192.37067,195.70497
Cobra,19.09395,22.95345,168.5112,173.92938,122.72711,122.49274,170.23022,171.98435
Cobra,13.89146,9.83876,171.99725,197.24772,119.99892,118.27379,157.81466,164.07311
Cobra,14.13293,14.40019,189.88435,194.82889,123.1547,121.06989,153.54125,158.81777
Cobra,11.97752,10.94479,102.95758,98.58671,147.30393,145.5994,179.98574,178.47987
Cobra,62.21746,148.92921,185.05757,138.10544,66.89039,131.44054,57.56966,0.63871
Cobra,19.85085,20.85704,173.786,179.24402,152.70613,154.37073,198.34903,193.63483
Cobra,26.52796,29.41288,171.8512,175.59649,143.53514,143.476,191.9366,166.12723
Cobra,14.29554,14.50853,156.7111,161.25251,128.99093,130.52418,170.57942,164.59555
Cobra,44.65115,28.99821,181.18729,178.66286,96.88337,86.0595,159.52044,152.1123
Cobra,25.72754,18.87827,199.03008,194.69833,131.93346,126.24287,159.1848,165.85301
Cobra,10.12797,6.29833,73.68189,78.6826,172.33166,199.61478,175.84483,163.66403
Cobra,38.00022,36.42353,162.85136,165.85602,141.41079,149.36897,160.84679,160.29271
Cobra,18.42882,5.46267,176.89013,194.88635,138.59452,154.71747,150.70391,101.0412
Cobra,37.90859,13.77769,143.33168,139.90311,109.36134,178.28483,199.89704,79.68385
Cobra,22.41881,40.04074,187.62521,144.57257,30.5167,15.77029,125.20198,149.45105
Cobra,55.19143,52.12005,171.52405,160.48841,181.31108,172.03268,134.30369,123.02902
Cobra,26.1963,30.72646,166.41052,171.20595,165.34806,158.5084,192.30091,196.19546
Cobra,10.93641,14.67375,149.71155,157.17005,133.2195,134.561,164.70155,165.10215
Cobra,14.89108,16.73942,171.72182,171.54093,159.48807,166.1028,177.87419,157.23175
Cobra,8.2501,10.96016,57.58653,57.575,181.58276,184.80141,176.80399,174.14774
Cobra,175.87966,4.82752,172.1801,162.17708,139.67761,136.41681,181.08087,163.02733
Cobra,25.13643,35.59543,116.48844,120.86947,160.57042,162.71161,196.34048,192.72382
Cobra,17.19519,13.97041,150.59739,148.93563,148.01482,148.81851,166.93409,161.60834
Cobra,19.69429,20.86695,148.66021,154.12866,146.40727,147.7242,167.55457,157.60181
Cobra,14.50945,10.53051,147.97176,138.49737,146.58093,145.20877,166.80899,168.01343
Cobra,15.73418,1.89488,175.39751,170.40621,83.04297,90.37292,190.98396,161.04877
Cobra,3.31083,1.76828,172.54988,178.50364,126.61427,195.39612,144.45872,177.38686
Cobra,17.86758,21.76477,173.94147,178.19386,144.80046,145.08795,184.75545,181.34097
Cobra,119.64882,112.63692,174.86714,174.90453,161.54814,161.24715,174.28994,174.46108
Cobra,81.86345,81.20518,150.22379,157.58739,166.59786,167.48231,192.60817,196.6294
Cobra,21.03285,15.31168,170.00609,174.12754,112.96968,110.40067,166.26431,168.00662
Cobra,49.90015,54.51043,107.40969,100.74621,155.8682,156.99722,179.74267,198.48472
Cobra,17.77961,17.71812,174.2415,176.67158,147.85245,142.93412,196.97852,179.59146
Cobra,19.53701,21.27638,174.6087,181.82693,114.16705,114.76901,168.81439,169.21655
Cobra,46.25633,34.52151,152.42204,135.12267,166.23619,162.02125,157.60447,145.24932
Cobra,5.7881,2.47173,131.17408,125.53251,123.46463,121.45429,176.23891,199.20003
Cobra,73.60409,1.22885,32.23953,195.83576,191.41198,196.61509,171.1435,172.43329
Cobra,20.5282,22.233,172.43684,174.89607,142.60517,138.35304,192.50903,197.96861
Cobra,8.18445,6.38112,198.11073,179.96391,131.97142,122.99145,121.52135,158.69236
Cobra,35.56911,38.08381,0.07873,60.43066,184.72658,165.86734,166.67393,171.13646
Cobra,18.154,10.02925,149.34959,139.86186,13.39344,34.39137,35.40922,67.56391
Cobra,16.89353,16.63193,194.42515,190.47402,145.18392,193.06647,155.66906,153.42623
Cobra,181.80703,187.85381,130.29022,191.71591,107.33191,138.58548,142.86596,173.9059
Cobra,25.18997,28.79079,156.34459,153.23867,150.50182,148.19996,159.00302,159.96319
Cobra,43.21495,42.97335,106.83507,89.44058,156.83804,160.5623,199.49172,198.31908
Cobra,19.74498,17.96546,169.69575,165.87607,156.05221,153.83584,193.6756,191.78889
Cobra,44.54692,52.65731,158.48556,167.58162,167.03151,171.87325,181.12382,150.14035
Cobra,30.86854,34.53773,104.97841,96.62451,150.80701,146.73841,171.85359,177.5328
Cobra,9.03912,7.87984,164.16524,170.17129,135.85022,129.15282,195.69841,197.03775
Cobra,18.69634,16.15967,198.42267,193.13594,134.47836,136.84381,163.61498,162.22942
Cobra,24.32249,24.58718,153.71951,156.47765,165.61609,164.80229,190.80644,191.20568
Cobra,19.71566,17.53981,172.76719,172.34067,158.72903,157.86245,185.492,189.04583
Cobra,52.20495,47.70968,150.93959,146.39439,156.44994,155.12589,169.7781,171.3147
Cobra,44.12981,43.98764,137.49374,119.12669,149.20933,128.35992,175.79207,199.02763
Cobra,26.01194,19.09482,197.95737,190.78884,115.42545,115.0415,165.74625,164.37366
Cobra,6.89581,12.16293,178.19425,195.91157,132.53914,138.84419,177.54536,192.53011
Cobra,2.62354,13.24953,130.59494,139.56879,128.75085,137.71596,179.35962,166.31691
Cobra,12.85012,12.79142,160.10459,168.7849,125.14438,129.15777,173.26434,171.40404
Cobra,20.1946,19.85394,176.91109,179.29746,159.50698,156.49286,182.21,189.39622
Cobra,113.25305,104.69617,150.07043,101.46149,194.7537,197.33694,165.09815,158.33434
Cobra,15.19034,16.17617,177.10355,177.34735,137.98838,139.09098,175.19272,199.03628
Cobra,51.03701,48.34493,89.65795,120.68855,150.6467,147.36664,163.51072,168.22463
Cobra,20.67737,1.88168,193.66031,174.47432,132.53094,143.47299,155.76173,112.75436
Cobra,61.4258,61.74695,119.14026,108.26583,161.45436,161.56113,163.46265,155.98872
Cobra,43.61718,38.54582,185.6302,177.7594,139.18323,141.03197,171.33703,163.71247
Cobra,32.18857,34.47915,150.43412,163.26884,126.91164,94.26318,169.61656,138.76114
Cobra,59.75837,49.74627,94.95584,131.73365,156.77527,152.18932,167.80013,170.00843
Cobra,16.99238,16.02103,196.73902,199.14403,131.34432,123.60886,150.49953,151.18138
Cobra,58.39516,56.61014,187.96092,184.9968,86.19416,72.16107,135.19939,43.85837
Cobra,1.69966,19.74715,197.90301,175.95599,110.85731,105.08289,163.59719,192.0945
Cobra,27.40403,19.83064,187.82501,178.70836,139.65295,140.23315,175.05645,179.92424
Cobra,33.34508,29.34797,169.07573,170.83229,151.68338,140.95178,159.88176,168.59754
Cobra,2.29105,14.57195,194.09648,190.87404,110.15363,128.57544,151.00568,128.81713
Cobra,7.08166,3.14567,106.86017,102.35163,154.88868,152.33021,199.1263,178.28004
Cobra,31.85514,14.39426,162.4852,152.14729,113.37806,146.19787,157.61967,144.12397
Cobra,13.14927,14.45711,176.61348,177.58577,137.57494,140.23787,178.75721,193.42459
Cobra,7.42463,8.21752,155.86069,149.18031,136.1536,138.73812,193.2346,168.19346
Cobra,9.74061,10.54302,179.51851,198.72192,143.0963,141.99657,159.73798,157.992
Cobra,23.4498,23.92127,143.54354,149.4142,124.11978,125.33677,179.90587,176.90822
Cobra,19.96919,17.38247,193.15412,191.1732,114.55435,114.09174,172.51189,175.36659
Cobra,164.37736,153.91697,170.62815,151.9648,5.25823,28.79367,176.776,175.56738
Cobra,2.29106,6.04161,114.84828,121.24631,136.17759,141.2679,178.97318,179.26877
Cobra,22.40248,15.09953,168.61226,179.04311,109.08541,114.09893,164.08489,158.76899
Cobra,18.73326,17.55047,195.88606,195.03786,123.61612,123.62829,174.89172,174.72937
Cobra,9.60128,17.51056,199.29063,197.40345,115.26829,118.3369,173.69281,174.39384
Cobra,21.2971,27.73526,187.75746,185.08561,116.87987,126.51966,178.6582,161.64802
Cobra,47.72804,41.34264,151.30352,177.28757,77.39425,88.86281,167.04396,180.07686
Cobra,5.83349,39.43591,150.29296,169.93659,135.70756,132.74415,182.19541,195.00676
Cobra,39.8614,36.70513,193.04913,182.73748,140.90705,143.97119,175.22888,174.6258
Cobra,3.31603,0.86653,174.01298,165.94372,121.94133,121.73455,147.56302,178.16713
Cobra,4.96087,2.68677,174.36422,173.21344,154.57464,103.11083,181.44647,111.19251
Cobra,16.56579,15.83134,191.68279,190.42148,136.25562,142.04726,168.22656,160.79114
Cobra,42.7869,33.73467,171.08091,169.52284,119.63528,135.93367,170.19862,165.87502
Cobra,15.87273,12.7405,194.27752,196.53423,139.85692,139.85057,161.82227,159.29076
Cobra,44.3353,33.22454,198.04049,185.90806,124.69337,127.90767,169.54698,164.67405
Cobra,8.80821,10.28196,160.16099,162.85382,121.98888,128.90979,170.54133,165.83047
Cobra,27.50162,21.37547,198.13965,183.36492,132.77709,128.74597,153.43226,161.08295
Cobra,19.10426,18.52079,195.10026,179.42528,114.00455,114.54895,199.19063,198.41479
Cobra,55.59929,53.69164,178.72956,196.49169,122.69557,124.62862,168.52567,170.41546
Cobra,15.44342,12.64114,112.89891,107.75314,163.4862,160.25564,171.14994,175.9697
Cobra,15.4299,15.678,167.29801,173.50856,147.39569,148.65103,170.71811,175.90789
Cobra,53.20097,47.83025,118.61279,99.01934,131.77474,157.0395,166.04124,146.68947
Cobra,33.4565,1.29977,193.67383,178.01766,104.6836,80.3202,0.54649,5.10909
Cobra,7.57199,15.13057,178.19127,198.67515,106.7862,120.99026,168.54805,145.90229
Cobra,28.31,24.7312,193.49093,188.49727,136.11825,135.1291,157.13156,158.57624
Cobra,16.50458,17.53908,167.01745,171.13956,140.02175,138.94885,160.20233,156.44464
Cobra,24.69131,9.63905,139.17451,134.59678,83.33293,65.78969,174.25915,176.96956
Cobra,35.95526,15.98534,129.30698,122.8491,99.63682,103.30087,188.4552,161.41079
Cobra,5.24698,21.65315,168.36375,187.35958,94.59257,89.08751,162.15334,165.81712
Cobra,6.52805,14.43584,135.68573,143.8403,134.89689,140.64413,175.58819,198.5383
Cobra,17.65696,19.14084,171.7586,173.97992,136.91143,133.44102,186.46335,189.42688
Cobra,3.22224,13.17374,171.29188,193.11849,136.804,136.53388,183.57835,185.95866
Cobra,31.64712,27.29213,183.40101,177.29073,123.55427,118.37992,148.05128,159.78381
Cobra,15.46616,16.73957,188.65958,189.15297,122.61059,119.83685,174.67432,160.41248
Cobra,14.60319,16.31067,156.09158,153.25365,137.54786,141.15189,192.63661,170.16545
Cobra,18.38249,23.27016,198.70493,196.89933,156.48973,156.11355,188.40679,190.85644
Cobra,13.7852,11.57624,177.4121,199.90726,150.2586,149.07017,94.90868,112.0899
Cobra,17.55831,28.92022,194.54561,195.50179,124.11019,125.7143,150.83462,147.95666
Cobra,2.76236,4.108,190.04501,192.63382,33.45994,177.40377,56.66124,153.86838
Cobra,41.95135,45.52991,112.9391,103.46091,163.443,197.72881,138.65334,190.74867
Cobra,8.52169,11.28832,60.11228,62.7471,178.783,180.86566,178.11061,176.75544
Cobra,40.60901,30.4174,196.67546,179.42107,149.67735,149.66343,172.0293,173.93688
Cobra,16.94702,21.48484,173.88451,178.81598,147.68011,150.17305,196.10874,189.93836
Cobra,24.82765,22.03692,155.95937,143.98757,156.17585,154.84,184.25326,184.30069
Cobra,42.11632,38.85196,142.88393,153.07135,123.62711,96.1546,166.81658,147.12553
Cobra,0.58314,25.47698,129.73868,160.31643,130.69127,129.76774,173.04708,199.20183
Cobra,7.97071,10.18839,166.59848,164.66593,147.70263,150.88481,181.22737,154.08699
Cobra,69.10138,72.01622,178.01266,165.14482,127.89915,132.50531,192.08142,175.80766
Cobra,19.96372,11.46385,164.26586,145.78686,152.6026,24.55421,131.16571,176.29314
Cobra,32.10216,34.67137,178.46972,179.00767,131.60563,133.74373,166.44035,165.44356
Cobra,16.65271,8.14422,177.59832,187.60209,127.08656,134.54995,155.54337,148.01968
Cobra,18.84573,16.20022,197.05952,193.56073,133.05802,136.17136,167.00881,163.51989
Cobra,70.74264,52.22777,162.91156,148.80772,133.54332,138.27547,175.87639,174.55296
Cobra,37.15757,28.05269,55.66708,64.62864,166.42594,169.50806,172.99147,171.32787
Cobra,20.30861,23.69768,173.33811,174.81618,137.24929,136.78359,168.75175,169.10093
Cobra,22.86918,22.44069,142.57439,152.44394,122.19986,124.82534,199.87206,175.55476
Cobra,11.19909,12.76471,191.04577,191.29848,127.41428,128.47879,175.95622,179.57429
Cobra,27.40835,26.51947,188.3293,187.05997,141.9226,148.00328,166.16467,156.92526
Cobra,8.65435,10.47021,158.7881,161.58194,121.76327,128.02323,168.32334,164.42677
Cobra,44.87128,98.0918,169.47945,163.98347,100.18555,115.9729,135.87876,183.32663
Cobra,4.08858,5.45953,168.54686,157.01881,139.71313,169.59394,141.00768,90.96635
Cobra,7.71203,9.44197,168.76481,165.37268,144.94711,147.84521,182.70226,154.29766
Cobra,17.49346,16.89863,160.63139,167.08753,141.30798,111.51952,163.70307,165.03628
Cobra,33.33258,24.62662,158.73373,140.78019,139.82123,144.68538,198.6899,170.25069
Cobra,69.88522,62.45464,131.67149,146.56436,150.08647,146.92308,175.04384,177.87661
Cobra,7.2603,7.28139,26.62107,60.72112,135.2065,143.78869,142.87512,162.82958
DownDog,171.72435,176.89152,166.02143,199.24598,55.51977,43.56177,170.04315,183.4198
DownDog,165.51689,166.747,187.60262,181.88277,75.57705,72.56415,196.72094,179.20617
DownDog,175.43788,169.31929,157.97763,162.03313,39.37027,36.61523,178.0013,199.67249
DownDog,199.50674,174.67702,186.80546,188.62868,47.01681,54.10593,174.99633,171.65525
DownDog,153.98035,156.60428,192.73426,193.73882,50.2106,49.13077,149.08016,149.7834
DownDog,184.60735,182.37795,173.62378,166.48128,52.18791,44.2411,177.19999,193.0888
DownDog,144.86068,149.84899,158.97596,161.07705,100.34562,97.03993,190.27066,188.27506
DownDog,177.39134,180.23292,175.18871,172.33417,39.63338,33.7578,161.08802,156.97146
DownDog,176.63654,181.51599,172.91189,172.79016,61.93919,65.42626,176.96293,188.08409
DownDog,188.83111,187.64584,189.15246,185.54454,64.20362,63.95815,199.60654,197.21474
DownDog,199.05515,174.34808,176.93703,176.01388,60.4171,78.20144,194.34078,199.18675
DownDog,191.04145,188.49185,186.94129,184.92873,54.23806,53.36479,179.16319,179.01831
DownDog,153.10102,156.00649,184.82116,195.49777,64.10983,70.60656,175.27299,176.86201
DownDog,190.16594,190.48779,177.17172,176.10019,66.25153,64.11852,192.59544,195.55951
DownDog,188.74649,189.25264,189.86456,183.16467,61.92129,62.33832,194.84546,193.23716
DownDog,185.23156,188.62518,171.99932,174.02644,58.50004,56.68477,197.30531,197.66842
DownDog,163.95536,185.09094,170.86483,191.03677,48.42634,13.67437,179.64923,168.65538
DownDog,178.17074,172.54243,199.16007,196.82612,86.25918,86.98918,185.67509,184.90354
DownDog,166.35574,169.94848,189.05383,192.21924,63.98603,62.43774,199.45419,178.67961
DownDog,198.22373,179.20326,178.50996,177.92575,58.52865,56.4673,191.49099,197.99592
DownDog,195.03776,196.32977,158.73677,162.33939,73.7733,73.49533,169.58014,170.11525
DownDog,196.0816,196.347,166.61166,170.2317,56.71439,58.01566,175.30329,173.05448
DownDog,172.85197,167.89942,192.25752,180.72803,124.29391,120.68944,177.19435,173.55708
DownDog,174.93854,171.44477,197.86203,197.89692,51.96122,46.10522,199.31671,179.73441
DownDog,173.17259,178.02265,192.53058,190.85896,58.31096,57.02071,198.7327,198.75873
DownDog,170.23583,168.45904,168.72866,173.83986,56.15348,54.90265,197.13585,194.16138
DownDog,184.61917,188.18999,161.01415,162.88882,69.90111,71.94198,176.5244,171.08343
DownDog,190.53901,187.21036,168.09622,167.93663,78.01004,78.53679,191.51218,191.33557
DownDog,147.1938,154.64978,179.78953,181.90169,75.90715,72.36941,176.28736,174.3906
DownDog,179.96778,198.32923,192.18338,198.8215,37.76827,36.79202,199.4237,179.02219
DownDog,173.77409,175.77015,179.67546,182.76224,71.22695,73.51319,199.91209,198.36254
DownDog,172.07387,169.6775,189.19471,188.76993,87.70657,85.20235,198.71135,198.73856
DownDog,197.60535,194.68184,175.39389,177.61706,54.257,52.25898,191.16961,196.55339
DownDog,197.26895,194.40513,173.65002,167.72713,69.71249,70.37928,195.59407,193.01554
DownDog,177.93132,175.48021,173.30085,174.26163,42.07931,38.72264,198.23514,172.13556
DownDog,12.41495,13.97251,188.45651,193.98953,130.78295,149.43011,146.11686,170.89641
DownDog,171.70339,171.0362,166.08986,167.06462,64.62666,67.1571,194.43364,179.25019
DownDog,173.22161,172.11776,164.10515,157.33659,66.63057,68.28286,194.07158,195.34373
DownDog,199.96075,176.50411,163.59866,167.56396,55.18686,53.67055,195.86954,196.49848
DownDog,183.28392,181.65829,173.13885,171.02199,58.48286,57.14282,195.59758,194.87955
DownDog,175.19237,173.32701,171.34094,166.05302,38.5157,36.27809,164.02029,159.10488
DownDog,172.86675,172.44261,170.31626,173.83343,52.15441,50.80509,179.32033,199.9626
DownDog,156.93,152.5415,153.08961,164.49532,40.24982,39.57691,191.16687,197.71722
DownDog,173.71348,173.37282,195.52838,177.29195,50.82678,62.63199,170.65513,176.57898
DownDog,199.56751,195.11632,189.63997,191.96504,61.04587,57.36054,195.33585,197.40632
DownDog,189.51959,190.70352,176.80933,180.01068,50.19857,51.07572,196.77276,195.79376
DownDog,177.03572,179.81132,199.18567,193.44782,86.12207,84.36173,198.47534,177.42328
DownDog,191.52882,191.34867,181.33721,184.16688,192.0873,59.74042,195.73661,176.44606
DownDog,191.47151,188.43649,164.44226,161.68501,67.00289,61.3708,198.84951,177.26494
DownDog,167.34757,172.23473,186.17633,199.29209,74.44028,76.68251,196.36279,176.60852
DownDog,174.6702,173.64976,182.70074,188.67336,52.13217,52.49475,175.05088,171.60145
DownDog,175.57649,179.63547,182.6484,186.06281,50.6336,52.19398,199.31807,199.27495
DownDog,199.0491,198.31336,190.83993,190.37429,49.50272,49.90762,174.84555,173.247
DownDog,171.68685,170.98823,178.53292,183.60297,58.56013,59.31946,178.91597,178.62807
DownDog,134.12298,149.87037,185.90665,174.03251,40.19646,101.5461,178.26048,186.23638
DownDog,145.77293,152.89393,174.8989,178.10439,91.15328,88.79965,148.51723,145.52636
DownDog,193.12055,190.25219,163.23273,158.4708,32.14957,30.21779,170.8263,166.91666
DownDog,196.34036,197.27451,171.98124,167.06848,64.23041,63.97885,177.19002,176.9526
DownDog,168.66598,172.55301,181.56636,181.75129,91.53229,89.34413,177.87733,178.3306
DownDog,184.50485,185.6349,172.56609,171.07946,80.54025,78.17572,196.88285,197.67664
DownDog,152.20992,151.62076,189.14538,190.42227,65.90409,65.10434,175.40552,170.6144
DownDog,158.39541,161.11459,195.79302,179.47881,71.89149,73.57908,176.58712,175.03263
DownDog,128.3276,179.33224,184.50697,174.02264,36.11103,48.63659,193.58707,194.67309
DownDog,199.76236,175.15292,188.60827,190.37569,56.59711,59.3848,175.62902,176.71092
DownDog,183.3229,181.19678,169.08871,164.58734,63.43476,64.43906,195.72833,196.11239
DownDog,183.9577,185.18893,174.14604,172.26341,71.66184,74.35763,177.29698,169.57203
DownDog,174.7274,177.95388,191.57534,194.25862,47.19615,45.96519,179.67926,177.72974
DownDog,190.81996,177.93856,158.18685,198.20537,77.70634,76.25317,184.1219,180.29328
DownDog,161.8158,163.04444,187.73147,187.86563,64.35967,63.89723,198.59319,199.14889
DownDog,177.2575,175.34967,193.25369,194.97196,32.79406,40.98429,173.57453,198.91654
DownDog,160.56359,166.48472,174.87167,170.27524,44.0126,47.93493,190.00108,193.264
DownDog,168.21894,166.34286,189.19465,187.43476,63.54145,65.17896,193.58687,194.75709
DownDog,197.71351,177.81966,157.74447,158.37788,63.55476,64.87074,199.88632,172.44644
DownDog,177.17697,177.80137,191.17255,193.96775,46.81651,47.11136,169.42108,168.35217
DownDog,184.03325,185.21961,162.64166,168.41095,88.7423,88.15416,187.27833,197.11451
DownDog,179.42961,173.41357,176.8946,199.57661,49.98389,44.5673,195.47757,197.05694
DownDog,182.08232,180.74359,169.24329,169.55884,73.78225,71.90542,198.45104,195.3181
DownDog,138.70974,136.68665,183.31159,182.86275,60.56095,63.2155,175.045,174.35688
DownDog,197.62904,199.43184,178.59449,179.0962,63.32342,62.15048,175.9093,175.81134
DownDog,174.30412,175.57883,188.37736,188.2658,86.61766,86.96678,198.85579,198.03752
DownDog,174.95802,195.78867,196.44662,177.52376,49.78129,42.21358,168.17955,170.21335
DownDog,197.72053,195.47768,178.38693,173.08071,89.86859,84.43841,169.11089,172.1052
DownDog,147.14609,152.20739,192.81353,193.72507,60.0266,63.75001,131.61997,149.27373
DownDog,196.35186,199.46224,169.34767,165.2768,58.30364,57.13221,175.0824,175.67411
DownDog,193.24376,195.1682,196.74586,196.51058,107.55971,107.87489,199.61747,178.305
DownDog,199.38519,195.36415,186.06207,194.98648,32.32656,32.42712,196.58775,195.96881
DownDog,183.76855,175.42081,179.36932,184.7098,40.55517,39.8667,177.27972,175.24931
DownDog,171.87901,171.06914,178.6784,183.53867,71.62827,68.73717,199.10738,175.13855
DownDog,173.6845,176.37483,193.49929,177.3206,50.58742,53.15547,177.6662,177.85536
DownDog,199.89393,170.63908,168.40981,165.37803,50.6462,46.74368,174.55038,174.14035
DownDog,162.05074,161.63693,186.98165,184.00677,73.09762,72.23563,192.03897,193.86561
DownDog,199.36592,194.431,198.51541,167.8709,51.11614,49.48149,171.76603,172.20165
DownDog,178.27777,198.13288,178.58866,181.76643,59.09858,65.21548,178.90955,198.41323
DownDog,177.35211,196.71923,189.77186,196.30351,41.44238,39.66012,195.82232,197.18711
DownDog,180.65001,183.71267,173.55318,175.19451,68.85633,63.72148,176.5364,177.5553
DownDog,194.15001,192.85444,195.07808,189.60215,53.25528,52.40516,193.54723,192.88158
DownDog,183.98663,181.09895,169.64748,163.7893,86.56231,85.16997,191.46183,186.82929
DownDog,185.72865,183.53085,160.75632,158.33528,58.6358,27.86606,199.36443,144.02598
DownDog,181.56966,190.88151,162.28238,172.97088,61.18913,59.17845,193.81199,199.06379
DownDog,192.74925,189.42977,176.785,180.49539,62.86126,61.46798,173.11859,170.11841
DownDog,175.36443,176.91439,191.42132,191.74124,60.52322,59.64519,197.61083,199.63626
DownDog,196.15284,179.91624,179.12245,173.42336,57.11859,53.66164,195.03266,197.66288
DownDog,186.22335,173.5622,172.19326,194.1644,64.25323,56.60232,179.55585,193.03355
DownDog,169.55511,173.00204,191.13215,196.0606,43.32907,44.15032,171.68036,174.33005
DownDog,140.96202,146.3789,187.6739,190.53343,87.43695,83.54208,179.33154,177.64852
DownDog,179.2342,179.36672,193.74916,197.28688,106.9986,106.75959,190.67414,192.00704
DownDog,176.52475,174.12466,190.22612,193.26698,33.39194,42.21839,174.04733,197.13273
DownDog,177.50933,176.67657,159.0464,161.76459,59.07415,59.67843,174.55066,175.82697
DownDog,167.13803,169.95508,169.23199,171.09359,60.23227,60.85738,196.11871,193.83607
DownDog,198.1944,194.34255,187.51387,188.71277,39.79452,39.68674,197.98549,199.08186
DownDog,170.5686,194.14331,190.31908,161.45334,109.54313,105.91338,168.67391,173.17294
DownDog,160.943,159.09781,188.74052,195.62508,55.29296,62.93893,173.41252,177.86768
DownDog,198.95731,179.29887,162.30368,166.4865,66.92416,66.7312,196.90928,194.35208
DownDog,180.79975,170.4508,165.37039,158.44865,58.29718,60.91849,178.86001,179.27099
DownDog,186.74787,180.25361,160.32435,150.32285,82.23922,81.49338,190.01259,190.97084
DownDog,41.77328,27.08128,197.85884,183.70754,137.64086,158.99485,172.15214,191.76759
DownDog,186.1394,185.56577,172.60673,174.21111,81.87607,82.03747,199.51039,197.5253
DownDog,190.14769,135.29772,177.60722,156.69268,43.51189,23.38429,199.69034,194.1582
DownDog,189.63484,182.24789,168.04083,175.64103,51.04197,47.62943,179.55619,176.92315
DownDog,181.57268,180.7782,179.49934,180.25873,44.36629,47.67587,176.94013,199.19674
DownDog,179.71546,198.91457,165.0213,163.29139,46.74923,43.53866,199.97753,199.35096
DownDog,37.29366,176.50732,98.37574,172.06124,56.07348,52.86932,197.5648,188.8033
DownDog,168.53665,170.20587,190.77349,194.50503,55.26745,54.54309,179.6878,178.35071
DownDog,179.28323,177.96575,181.61946,179.00214,79.43673,79.21356,193.90714,197.57399
DownDog,172.79204,174.80753,162.96588,156.80409,66.33685,67.37011,192.99173,192.35719
DownDog,67.1195,33.58824,166.2751,195.97037,192.46241,187.02597,165.3072,165.05451
DownDog,193.66607,161.4558,131.54622,195.91605,71.04657,170.36311,178.01662,146.04402
DownDog,165.68355,163.31526,162.65997,160.31321,56.35784,53.84646,175.76488,177.55777
DownDog,195.02436,192.92284,165.014,160.69415,31.47715,29.67851,169.75373,168.66651
DownDog,194.47363,196.89747,188.8995,184.73836,68.4405,67.89503,174.62678,173.96856
DownDog,195.23626,191.26475,166.53857,159.04322,50.21661,52.77358,190.91917,191.06406
DownDog,197.72342,197.69778,179.88041,181.32335,56.62637,59.55047,178.17355,178.87154
DownDog,191.53343,198.41307,172.61826,196.82925,45.08934,45.05601,179.25623,195.30316
DownDog,155.26229,29.23743,187.55883,10.48743,63.28693,56.33037,172.51597,199.14904
DownDog,165.2906,166.514,189.64416,190.09212,65.27436,64.5596,199.15962,198.96623
DownDog,199.5621,178.31688,182.20404,179.0456,60.13233,61.00506,179.77475,178.37086
DownDog,172.54704,170.69251,187.05847,182.20609,68.08866,67.02937,132.95799,143.33536
DownDog,179.36774,196.41963,188.03272,189.46579,29.76682,41.76745,138.64925,169.10043
DownDog,174.72977,176.69817,193.08882,193.81662,58.62753,56.91357,197.43291,199.10817
DownDog,165.03875,168.60272,187.15259,192.85104,63.51474,63.95654,196.27725,199.94413
DownDog,150.49432,150.24979,185.37481,189.46609,64.06289,65.94451,176.58368,176.14797
DownDog,178.17648,199.48614,193.71498,192.10358,52.56929,50.73067,198.61223,198.17929
DownDog,191.57585,199.83275,157.24325,165.32046,36.16793,31.74089,172.01616,175.89527
DownDog,171.4225,169.54604,189.43217,189.03402,77.25432,76.0234,192.29397,199.41009
DownDog,172.43339,161.87544,192.43371,179.22333,52.2655,46.64375,176.20645,172.02511
DownDog,197.05546,178.78952,160.23233,168.06472,46.50184,42.64621,174.68193,175.46929
DownDog,177.22523,177.16886,165.64234,163.52419,50.37417,47.59483,197.28169,191.14595
DownDog,176.45134,173.88607,152.55475,157.73808,60.23285,57.48273,179.3305,177.81106
DownDog,178.33046,178.28857,167.49046,159.36119,71.05227,68.32326,192.79272,193.35078
DownDog,196.58486,195.07504,186.53344,185.03499,49.66429,51.39732,179.65857,179.80501
DownDog,185.03453,183.42316,171.64996,165.57406,63.41199,62.9628,192.10768,190.51495
DownDog,175.58565,178.99781,180.33951,185.28463,54.85271,53.4568,196.5153,198.29641
DownDog,179.32064,192.83545,176.15226,199.40914,56.74339,58.27738,175.95385,198.98403
DownDog,194.64709,189.69219,178.66872,178.55848,46.85139,47.46296,175.71619,176.98402
DownDog,121.7298,110.71107,183.2679,172.73902,67.5622,66.86088,161.95512,137.93781
DownDog,179.90003,194.71698,173.56765,178.13857,68.60601,67.15497,193.84141,195.53565
DownDog,194.24267,179.34554,165.76335,171.26574,56.89475,57.19193,169.64097,177.57707
DownDog,175.96536,197.02195,165.53679,149.5489,40.32171,41.8277,171.60327,171.48242
DownDog,172.29979,168.81518,172.67785,169.6802,87.63369,87.56815,199.1502,174.01435
DownDog,137.81792,155.40129,184.75952,192.19745,38.97488,39.8403,132.9875,136.0258
DownDog,175.60651,176.39355,172.83524,175.16653,66.14614,66.32527,198.88735,178.94399
DownDog,164.99351,166.56394,187.99003,192.27307,53.60388,54.65167,175.44432,175.55197
DownDog,174.07802,196.73172,184.7696,192.58647,82.30186,82.37548,179.02141,198.53648
DownDog,197.1709,199.90114,158.08507,151.11691,59.64653,58.96101,191.68353,196.91542
DownDog,163.35851,165.135,186.10376,189.51989,59.70124,60.38074,193.76688,191.08066
DownDog,166.05868,167.53504,188.30099,193.99997,85.8983,81.76719,176.17311,166.43223
DownDog,176.26726,167.85813,187.6811,186.22211,58.03045,58.62546,179.33185,196.86981
DownDog,164.35045,171.63917,180.73696,188.19378,39.48806,35.22867,176.18515,175.45138
DownDog,128.06659,110.88435,198.73782,173.13731,40.23433,107.09209,51.87156,197.78181
DownDog,171.14166,176.27386,185.34579,187.98613,56.90258,53.87664,178.2057,178.58621
DownDog,192.77146,191.0187,194.21533,199.16867,116.07215,116.41793,199.01672,199.49227
DownDog,197.95796,175.42739,194.59012,192.82339,64.27789,63.90698,179.87201,199.61486
DownDog,181.85335,183.92597,165.90481,165.88392,60.29086,56.58391,198.00187,193.69934
DownDog,192.20613,196.55446,157.41988,165.35945,58.86208,56.45648,178.23497,179.43308
DownDog,167.95352,170.62559,183.817,194.85476,59.78194,61.47789,195.12115,197.11076
DownDog,171.37445,172.44473,183.18883,184.03797,70.10172,68.93242,194.72803,198.15745
DownDog,172.65042,172.61166,168.22806,173.22146,57.70542,55.86847,179.10119,199.12679
DownDog,199.28958,199.96573,166.11593,166.12303,55.67298,55.54729,173.90479,176.33249
DownDog,189.34181,180.28303,161.4716,174.933,51.27885,45.47895,199.8825,175.48428
DownDog,189.77468,188.46646,164.71032,160.76717,52.50534,49.78954,174.37452,177.53583
DownDog,198.93132,197.51854,158.53355,155.2326,58.20858,56.40302,195.59306,195.92351
DownDog,151.74477,157.57229,186.46538,190.83556,70.57316,68.27073,173.18433,166.413
DownDog,179.5951,193.6546,178.65148,172.76974,60.55832,62.38194,194.48209,193.69644
DownDog,184.22161,187.6236,196.73572,197.49041,93.90451,90.35542,197.77722,193.50279
DownDog,179.75613,171.53178,191.03008,174.0658,74.99363,74.91001,170.1225,170.31686
DownDog,193.59765,195.30924,170.54628,170.98026,45.77751,48.99442,198.37633,170.71332
DownDog,190.89423,189.38992,174.89263,171.85169,84.64411,80.32323,159.41065,155.99951
DownDog,158.16307,164.15784,193.16936,195.96328,73.71707,67.33526,197.78116,176.61963
Tree,196.16394,171.17608,153.78956,194.37234,160.14635,129.97674,68.91241,97.03072
Tree,68.19362,159.32964,84.07037,172.76717,133.35586,170.83296,28.60477,199.52332
Tree,148.39399,174.83977,191.18359,163.36115,109.36079,198.5891,48.03142,179.39845
Tree,13.62331,14.74673,49.65241,41.79473,173.97838,165.25492,197.48698,36.52386
Tree,7.69403,173.38138,91.10269,152.96249,133.9598,172.93783,49.56942,194.74959
Tree,166.53727,192.69511,144.33535,126.3078,95.8656,175.33857,37.7513,177.20847
Tree,194.5331,162.10757,116.37717,132.54671,198.47357,124.24338,178.75536,30.28966
Tree,13.11927,15.09415,25.09298,24.624,137.1481,178.33696,31.08445,197.76297
Tree,64.3826,138.17128,100.21055,34.40999,89.4435,176.28818,40.07791,199.54115
Tree,150.20665,187.02959,113.76414,98.1839,116.06422,199.53229,78.30859,195.87536
Tree,49.1783,36.66417,42.60371,39.57232,175.7959,122.59136,174.10382,25.87671
Tree,164.54599,154.35821,91.93009,66.393,166.08272,131.47617,191.97622,37.2711
Tree,169.54866,186.41623,162.25034,136.29404,122.35435,179.97282,55.07637,178.8919
Tree,50.11958,41.28118,37.21521,34.79231,172.32349,131.32799,196.92925,21.57899
Tree,193.51875,184.74867,132.57077,194.692,125.94718,170.19551,30.8731,189.51759
Tree,144.51837,103.75482,181.28785,184.68468,131.63703,179.50378,61.64137,170.30208
Tree,144.40125,175.50841,88.08057,74.26807,112.03262,179.45523,14.85675,198.47913
Tree,82.1084,88.02363,152.73105,160.85571,99.76627,190.44639,50.69674,169.32864
Tree,50.19142,61.49764,50.99599,32.46281,177.33014,114.9428,173.10145,14.42709
Tree,31.3763,29.54259,50.66731,38.88063,176.41652,126.63395,198.91871,20.55953
Tree,198.33225,169.46667,174.72641,191.93456,197.87035,106.96463,198.76181,47.79913
Tree,22.48326,22.42722,55.87133,52.84727,141.66116,196.66198,41.20178,174.10739
Tree,62.06285,43.67443,77.22758,60.26494,168.39456,134.23778,194.62276,39.1666
Tree,167.61856,196.7847,187.00435,179.92033,124.91622,198.67524,8.72567,195.7707
Tree,135.24276,169.98315,195.36767,190.67726,192.30838,119.29208,197.45837,12.07883
Tree,193.9682,196.41861,142.71962,121.35198,195.95441,118.22505,192.16929,6.76623
Tree,178.98476,194.46001,170.58031,151.51879,177.50402,166.07517,184.04173,88.7513
Tree,62.43765,68.63903,140.51658,140.91579,122.86528,163.797,25.61096,194.74531
Tree,9.90349,9.19127,27.90628,24.54735,175.77331,152.01877,193.1945,31.54093
Tree,162.64147,192.6294,171.75972,198.68098,192.43462,108.44333,199.81704,3.83985
Tree,26.38674,21.32769,44.37282,43.96244,125.28184,197.07294,72.62,178.86486
Tree,14.03284,12.01285,29.83389,30.39292,179.51243,159.0806,179.16935,29.33495
Tree,174.01158,190.01828,181.07787,156.71032,131.39885,178.67506,38.84001,199.65771
Tree,156.09601,184.10653,183.61202,164.69234,110.93744,174.65237,21.25265,194.89024
Tree,38.58218,33.47296,43.0507,51.89964,136.67903,170.18196,50.87679,179.65423
Tree,150.19575,139.98979,66.389,46.09302,158.35673,124.65203,177.01092,12.11891
Tree,193.00669,188.95659,158.87416,122.07055,189.32834,126.12329,178.32809,23.46877
Tree,176.12116,180.47718,195.74165,162.14467,171.70966,133.33993,188.43969,16.78836
Tree,194.31393,177.94416,164.13668,149.77327,189.51264,129.05,170.83247,14.74768
Tree,131.11689,197.9944,190.84992,161.76131,66.89504,142.4957,41.46495,173.22353
Tree,50.90884,51.60048,26.31263,17.92265,174.19336,115.44752,174.90688,12.73952
Tree,40.19689,44.83318,43.21063,43.74036,130.68421,184.33179,27.65002,165.18659
Tree,16.85363,29.35934,72.45236,60.88291,106.67717,194.39562,21.87873,172.16411
Tree,53.04129,42.33141,36.46123,44.17409,174.45731,122.39551,196.45114,24.95603
Tree,179.72129,146.25672,159.82993,190.20093,198.27209,111.11504,193.30067,66.90953
Tree,17.67253,12.73309,43.6033,28.52478,174.97954,162.61117,178.99624,37.28936
Tree,197.83897,176.92599,184.6903,164.94577,134.96022,177.87877,26.23009,179.16767
Tree,172.27231,186.40458,172.74243,174.37038,176.41608,120.7289,197.75053,18.47171
Tree,189.72023,198.85518,195.8001,170.93278,199.32303,160.57507,197.57669,33.32423
Tree,167.77412,165.59553,162.21301,142.1938,113.43192,175.10805,20.95961,179.24211
Tree,157.93824,160.33959,89.85525,70.2157,169.94487,131.2705,193.98516,43.1886
Tree,19.95079,19.17299,44.62444,35.85579,176.47521,152.91722,198.09377,41.07265
Tree,171.46532,172.55673,97.66024,124.3642,126.66743,176.89705,28.94792,179.81671
Tree,173.39459,38.597,159.4998,169.46345,180.91649,114.83779,176.90415,18.85059
Tree,192.74386,199.03217,185.48169,159.83406,132.45379,179.44611,95.44217,174.8798
Tree,71.59671,54.07436,29.42161,35.23982,172.13342,116.1956,179.66073,11.69062
Tree,192.99768,195.78548,180.55607,160.35781,179.68116,148.46281,179.68759,42.79738
Tree,16.13385,8.94621,33.58028,23.40003,173.54387,158.8502,195.91848,46.35768
Tree,173.75797,187.77252,154.48026,132.7446,113.07852,176.8096,23.45578,198.54936
Tree,165.33862,173.56965,155.5958,151.10263,187.16922,110.15131,177.0367,24.1603
Tree,29.26279,6.82152,28.93039,55.93264,139.43624,196.81773,21.09408,194.29162
Tree,160.94606,178.72955,103.71922,89.3221,97.75504,174.06575,46.48035,156.54136
Tree,162.64899,178.1921,198.60835,164.37241,178.43825,139.71185,187.3006,149.12354
Tree,1.77566,7.54908,23.28042,25.00976,129.48858,173.63069,40.8686,178.98325
Tree,9.84482,21.23539,25.10937,21.17639,176.98963,169.65034,178.35775,110.38212
Tree,160.81662,165.82683,103.84033,82.53944,170.26661,133.75748,189.13007,25.95792
Tree,197.15391,172.90748,147.61579,120.36234,174.07409,147.63234,174.9483,33.13056
Tree,151.16876,173.00946,184.37889,169.60669,199.04444,182.97508,175.31287,19.7276
Tree,17.71079,9.09315,22.28677,29.89196,178.29897,140.31807,177.89257,50.31785
Tree,133.63618,85.62335,188.05833,56.64413,130.56112,189.9339,35.5876,173.10855
Tree,44.37753,52.27979,51.77934,45.76975,109.20378,194.58354,25.7361,172.54868
Tree,21.33321,20.43553,35.11369,30.22993,120.39017,193.43658,71.94586,199.79332
Tree,78.59824,58.86285,14.44301,7.97086,164.23217,117.06899,199.239,37.62339
Tree,57.21408,50.96592,47.10722,44.75342,167.74107,124.46001,192.47614,21.67756
Tree,149.62546,180.80675,186.49473,162.67402,96.20967,173.46525,41.62539,188.37919
Tree,30.46561,24.13079,44.0244,38.43268,177.80639,132.31671,177.08048,72.9027
Tree,170.16962,188.56793,181.49133,136.54291,195.52907,179.34247,195.4744,153.52889
Tree,181.83139,175.19846,194.50017,174.00206,178.83214,137.64825,198.34062,15.00297
Tree,147.25608,190.22216,181.68817,160.80466,102.8486,177.18006,15.58759,196.47072
Tree,26.62093,31.16559,51.91385,42.67392,172.68055,128.08274,179.84786,21.89349
Tree,22.70343,15.6638,34.48485,36.85429,169.90457,140.77541,192.37065,25.93867
Tree,171.80134,193.90383,156.34689,137.35856,128.22514,179.62708,36.84147,178.18124
Tree,25.70316,5.28934,20.65647,39.24809,199.46837,185.16412,178.04025,144.00732
Tree,142.54732,177.39234,197.71119,196.41861,124.71203,192.87194,34.71928,173.25248
Tree,18.39965,13.08204,59.44396,53.62193,170.97364,185.86782,193.8682,166.16706
Tree,4.09453,15.31785,8.51303,54.87402,157.32359,199.05919,24.80442,196.29304
Tree,160.27232,169.67887,104.08078,79.26655,178.20833,128.19712,196.13697,42.58138
Tree,22.02349,22.87293,45.46865,47.27342,102.03017,179.03984,52.79946,191.5412
Tree,94.83639,116.25708,179.57459,166.80244,176.10521,179.98859,197.14325,138.57674
Tree,156.17347,169.27296,189.6261,176.75702,198.05013,129.76804,179.30043,24.24228
Tree,160.93766,176.58782,113.26825,79.90091,114.11471,196.50967,27.02479,197.92026
Tree,31.7836,51.69569,46.27746,48.89239,106.90421,198.15519,41.47273,181.77584
Tree,17.91583,28.03089,48.59681,43.40696,104.16987,172.199,45.39196,189.90811
Tree,156.37872,173.05885,188.45686,170.73241,179.54096,138.96378,199.54014,39.55215
Tree,21.32518,26.44666,51.84039,44.09728,174.43832,125.35209,191.32211,24.67064
Tree,101.91593,86.52521,196.77955,176.1219,164.28992,142.42485,179.69357,41.45248
Tree,168.8887,176.94336,193.14902,179.612,197.09262,137.86133,175.34603,16.11044
Tree,174.95653,191.80641,149.71039,124.7127,108.74051,175.32498,19.09008,198.06424
Tree,179.63328,162.28687,125.06604,85.79938,179.62944,128.0714,172.64076,23.5606
Tree,169.92648,178.12408,198.924,169.52798,182.28233,125.3379,64.07478,20.57757
Tree,47.61632,44.9938,29.66957,21.02019,179.1015,123.40149,179.20912,33.31979
Tree,69.37883,71.48412,136.38403,154.5691,72.32467,25.47651,121.59491,172.56386
Tree,30.43178,24.48893,40.43522,37.09232,176.56464,134.17376,198.77566,33.97998
Tree,30.71948,83.63087,116.84607,78.59174,108.15944,196.7629,16.94449,165.54287
Tree,176.2306,196.07566,160.50926,151.07344,196.80063,135.11578,177.80247,46.03742
Tree,62.97121,50.51908,30.05695,28.63456,173.09271,127.81957,195.99843,24.09783
Tree,164.39167,181.13565,182.37907,163.25725,198.60974,128.9987,179.98933,38.13998
Tree,198.89583,192.30013,152.8126,144.90576,177.71576,135.31885,196.39765,28.38092
Tree,23.73439,18.05998,38.70658,34.26047,177.16092,141.76257,178.1671,47.19134
Tree,60.56372,67.01763,65.17863,69.31961,131.65791,194.08326,81.63871,176.28837
Tree,177.38207,194.81475,165.17185,185.36916,135.33597,177.08767,50.01231,196.06913
Tree,47.89947,176.23133,161.70828,164.21612,91.97754,149.88223,17.87599,177.769
Tree,151.21285,145.67725,74.22404,48.87102,176.24386,127.78104,199.29216,17.60516
Tree,48.32371,34.07261,33.57603,68.0267,99.58169,172.0946,38.80377,174.05851
Tree,22.24268,25.29294,49.3667,52.93739,134.26655,198.83144,41.42437,174.12778
Tree,195.9708,178.94198,174.09485,148.61975,111.31231,198.28601,49.58019,177.3593
Tree,43.46092,31.27967,43.11628,40.1555,170.94217,134.39034,193.55005,32.76803
Tree,172.74208,181.86655,189.58345,170.76793,197.81465,133.06698,179.91623,19.84801
Tree,190.55367,175.75396,174.67482,160.4599,176.75838,161.31804,178.84833,37.91727
Tree,160.87449,173.59783,118.34343,96.63987,198.21534,138.93379,176.67614,65.01815
Tree,149.21012,182.0448,108.74941,91.84414,111.43698,177.65008,71.22308,192.45273
Tree,176.6288,169.34659,179.22001,169.28412,196.04354,135.58152,178.66569,19.86785
Tree,177.59437,197.53015,154.96883,151.39316,194.04819,178.84659,198.07085,40.12063
Tree,56.9303,41.40429,42.39294,37.84398,169.19502,133.44078,177.29028,27.67306
Tree,171.8945,177.19699,169.15656,198.50164,195.06936,162.09869,171.27266,43.40801
Tree,166.36507,192.47792,151.97661,132.82719,98.07779,174.20027,36.71694,178.49064
Tree,194.6898,171.33525,168.84046,190.49216,196.83941,103.56932,174.9996,46.12831
Tree,193.7759,194.12598,139.49549,175.549,133.92269,197.58072,37.58448,176.21999
Tree,191.84685,199.66929,148.92021,181.47881,142.98263,198.13548,40.94156,179.98889
Tree,193.70265,190.90503,149.59451,181.65885,145.92737,177.28324,45.3604,179.52961
Tree,35.46874,38.58315,51.86513,79.70805,197.36812,121.4772,197.78556,66.18438
Tree,192.74269,196.30917,198.92598,155.76184,178.2848,145.24669,177.9963,40.78677
Tree,49.22403,33.91112,9.44978,17.71556,173.0846,119.22227,104.50443,37.79258
Tree,48.22957,46.99386,36.7739,43.43324,99.02507,176.99355,43.54653,183.70679
Tree,136.43897,157.85942,179.15808,158.70262,107.62233,199.25941,47.10683,186.63633
Tree,22.28408,59.91011,60.81781,19.75391,118.70879,199.04992,23.89676,174.37349
Tree,199.23483,162.03519,172.13823,158.93819,111.6145,175.69596,14.66885,191.94782
Tree,150.89899,177.40272,170.48526,159.07883,106.14081,194.45343,47.70035,179.47252
Tree,9.4114,9.34949,30.46481,32.89276,142.48941,199.40252,41.46817,175.36756
Tree,23.20585,28.99914,96.55535,67.89099,127.9094,198.03807,37.21251,178.71061
Tree,36.14968,9.74675,26.89706,80.75342,101.25535,197.41571,53.40116,191.86032
Tree,7.59973,3.83976,44.17586,41.4462,177.01542,124.85039,176.35229,23.18328
Tree,56.35507,58.55246,40.5465,40.61196,101.09647,178.78252,12.61986,179.42055
Tree,168.68513,179.99621,132.22148,105.81181,100.62157,174.52484,53.51035,199.57142
Tree,179.65826,174.26582,165.44318,152.1119,122.04358,173.68107,26.95924,199.25125
Tree,190.79326,195.3376,169.82861,153.48319,197.77985,136.61441,175.26011,25.36253
Tree,167.9372,182.87905,178.46468,198.06054,179.6041,151.40265,199.99655,40.3009
Tree,151.53252,176.60038,170.16758,157.42125,199.66418,133.5389,196.22098,24.61605
Tree,168.19382,173.6739,151.67437,197.76738,174.53365,90.74985,196.3292,37.0604
Tree,170.31586,192.6954,178.4162,156.63769,194.76942,162.22039,174.83899,172.50289
Tree,195.92902,178.04064,174.21583,148.3195,110.90977,198.29857,48.96926,179.00834
Tree,199.90573,176.47102,163.39203,183.78874,145.72056,111.02596,126.62847,91.83024
Tree,166.91346,187.76102,135.13831,116.58429,108.90515,179.79557,24.83101,175.51644
Tree,199.1079,190.3014,172.28325,148.45703,177.60333,148.88872,194.07018,35.80972
Tree,174.91608,177.91332,175.79893,165.08566,134.84123,199.95057,33.29804,194.34943
Tree,140.67626,163.40437,176.08863,164.56546,178.56833,142.38909,179.5453,42.17536
Tree,6.25185,13.73963,61.61076,51.35289,127.35785,178.25198,68.45553,179.01808
Tree,150.26496,156.60058,171.16339,160.00043,178.67965,125.46005,179.56613,22.99328
Tree,49.05391,34.66242,76.72913,55.06413,172.4398,135.51746,177.19986,26.37172
Tree,154.74214,183.57266,109.57283,95.52425,123.02766,174.18249,94.44462,192.81835
Tree,60.54007,66.34695,33.63276,35.61278,102.43803,192.02934,17.31478,174.42317
Tree,177.26181,171.73658,188.5356,174.12037,138.7563,178.9671,28.24362,179.95492
Tree,171.70242,178.90836,144.51379,130.7759,178.28399,143.80591,179.49455,14.00144
Tree,195.80711,196.93865,186.03511,163.53114,179.08731,156.27515,199.31529,29.77172
Tree,179.23994,164.35191,179.90526,164.60405,116.94413,198.53754,23.28528,198.26775
Tree,154.9058,181.19542,110.08423,93.09961,111.55876,194.96926,51.94401,165.31842
Tree,28.52844,48.89889,64.06248,51.15529,118.64865,174.4487,24.77852,198.81105
Tree,52.24304,45.86972,25.70432,22.45366,179.43403,108.01312,113.66717,32.02364
Tree,30.65548,17.76676,26.14006,31.55454,107.26228,170.73641,23.24783,170.29236
Tree,45.78248,39.23463,51.86085,58.21568,196.14062,142.04556,171.77186,50.87207
Tree,191.29971,177.65763,191.91904,160.17071,123.22217,194.1101,59.68011,177.16883
Tree,166.48636,165.61854,160.02496,159.05926,111.37799,179.1431,14.38279,197.52584
Tree,174.78294,197.59627,177.35245,177.21475,174.52229,136.82743,196.8011,31.47869
Tree,5.06627,16.4245,24.64354,36.29998,173.86386,127.04993,197.80897,43.79978
Tree,176.06754,179.95552,188.6011,163.86571,167.93492,134.48975,184.71197,24.66903
Tree,45.81715,37.87273,16.44442,9.17077,151.67513,129.27691,29.4946,20.77402
Tree,8.97412,9.86938,13.56413,45.95817,137.18716,190.71713,27.72414,176.49629
WarriorIII,185.03441,174.86115,170.93231,186.21453,100.54312,161.28902,176.21733,155.30804
WarriorIII,137.88122,140.42382,165.30022,152.64481,124.84792,182.33288,198.70514,157.05321
WarriorIII,41.99899,25.28337,178.78132,150.22237,151.20763,127.55941,196.1116,193.05167
WarriorIII,185.43157,185.65518,170.39904,167.07618,149.8786,127.97018,187.86575,199.11252
WarriorIII,156.61708,155.5046,170.56524,158.15675,105.20835,164.69381,189.60432,176.32258
WarriorIII,148.75514,138.87965,189.3852,190.28444,170.13994,124.9436,168.71711,161.38603
WarriorIII,144.88093,146.93127,158.49498,158.66484,152.98503,134.26515,190.78727,192.41632
WarriorIII,161.55363,156.09594,163.15911,157.32055,195.02658,98.29872,166.27776,199.52233
WarriorIII,178.70799,199.00836,196.02477,191.90215,102.94984,160.86038,172.32842,188.97192
WarriorIII,62.46551,14.01849,165.61626,155.37745,120.5883,186.5205,190.42306,163.00183
WarriorIII,152.7321,156.61255,177.44725,167.72826,112.34817,159.40522,174.31137,179.64564
WarriorIII,95.73672,115.90692,103.66807,121.57868,164.24845,18.6168,199.86288,85.0199
WarriorIII,151.61918,151.64308,197.06129,197.04944,159.5667,116.10842,192.45684,134.08817
WarriorIII,138.69599,145.16737,139.34452,155.5533,174.96625,132.87916,160.883,170.47782
WarriorIII,157.58042,146.7481,187.10946,192.50495,174.60007,117.2969,197.44611,168.04356
WarriorIII,174.02304,181.33229,160.62972,161.15415,141.79123,160.8478,197.35025,147.09425
WarriorIII,5.47923,11.46977,168.91976,175.49814,102.42391,161.21171,173.88924,175.92509
WarriorIII,70.86578,19.24277,140.00559,50.46769,122.68879,156.51651,173.85907,176.82111
WarriorIII,164.42589,156.50069,182.25832,144.66323,115.92145,163.14194,173.10906,175.97018
WarriorIII,159.04293,158.31749,167.9161,158.80749,98.2259,150.86407,176.5607,196.20947
WarriorIII,32.65757,3.10374,168.01246,199.66382,195.11408,114.86879,189.34027,195.50386
WarriorIII,155.04009,156.12341,156.56936,172.6266,148.3793,127.04723,191.40039,192.1892
WarriorIII,145.84584,184.015,189.82814,194.15673,145.35819,129.39325,190.45275,173.70519
WarriorIII,165.85241,156.01988,161.51415,151.98497,174.58357,97.567,179.41164,176.48925
WarriorIII,148.73586,167.04671,172.62832,178.45934,162.821,143.89771,168.88236,194.16983
WarriorIII,43.35955,29.31742,66.50739,62.81538,155.18887,146.5634,179.36154,192.82553
WarriorIII,158.72986,190.91927,184.59018,178.80167,172.79167,115.40128,194.71287,191.27463
WarriorIII,139.1291,156.3206,173.33633,163.34214,109.56917,160.74221,179.63472,173.11426
WarriorIII,179.67574,149.8077,169.60419,153.17873,142.91594,183.62652,122.64499,179.21284
WarriorIII,26.4678,39.13614,152.62913,158.31194,124.39434,159.7997,193.28743,171.5237
WarriorIII,143.47562,147.43307,140.79126,172.12065,121.5155,158.66175,178.17791,170.66726
WarriorIII,193.37571,183.94809,171.05074,177.43407,168.92999,122.10231,193.15874,172.53414
WarriorIII,166.09599,169.72603,170.65258,167.67629,119.80166,173.62372,195.22338,193.93744
WarriorIII,164.66603,155.35241,160.48939,156.21082,197.97096,98.16114,174.58665,177.97531
WarriorIII,157.51628,150.15489,185.01616,147.42892,115.99935,183.50537,172.71158,165.11672
WarriorIII,153.37643,177.15261,167.38124,199.9841,151.09769,138.3521,190.3904,199.748
WarriorIII,153.50725,153.80065,160.81808,171.57672,166.61896,131.26244,159.755,197.24965
WarriorIII,158.24171,164.187,161.66328,164.51951,126.04662,175.64589,176.3599,157.48306
WarriorIII,168.41434,168.47281,160.60909,171.5626,178.23175,118.41605,198.12931,198.09127
WarriorIII,163.87207,156.16841,160.30998,153.53522,162.81776,109.45905,175.89096,171.91503
WarriorIII,83.62829,81.74417,163.67018,177.60451,124.77106,133.98088,176.03769,170.47898
WarriorIII,167.97453,168.90061,171.05811,194.42707,192.34931,99.99364,199.63141,177.85592
WarriorIII,177.90079,196.66992,169.03233,174.79871,161.21851,130.17555,195.7302,178.37559
WarriorIII,150.94379,158.15402,167.0797,162.83292,102.85497,164.99269,179.68993,169.6712
WarriorIII,90.05452,104.72484,117.96069,143.33736,122.98616,161.49126,179.18921,176.49258
WarriorIII,157.35589,154.59398,158.58144,151.7361,106.24908,165.67146,177.28924,169.72294
WarriorIII,161.5254,157.58496,168.15462,166.36813,196.59312,122.24277,162.35833,175.1455
WarriorIII,168.51003,158.26739,169.76436,167.46154,179.50389,94.93716,166.58097,195.73762
WarriorIII,170.73153,164.38457,170.87859,187.99962,166.90346,107.69786,175.01594,168.97263
WarriorIII,190.53697,186.48776,158.1338,166.49591,122.93987,132.61801,192.37935,177.09145
WarriorIII,165.15978,159.59694,193.81273,178.89858,169.20302,113.67339,175.82508,171.76939
WarriorIII,167.59939,152.90854,155.62188,153.69914,173.71273,95.99276,177.54895,179.15316
WarriorIII,144.06271,139.72967,154.17055,181.21067,159.02546,119.52746,187.4058,174.72331
WarriorIII,161.44463,167.05892,160.22226,154.89238,129.61422,172.81958,189.78229,161.5405
WarriorIII,181.36304,143.84693,152.97636,106.88666,134.47254,123.8717,198.90601,178.91371
WarriorIII,172.43845,172.49674,198.96952,188.82921,189.94076,113.64829,131.2689,199.6285
WarriorIII,194.60706,168.1342,172.13131,194.75151,197.41143,83.97503,157.87026,122.18434
WarriorIII,132.07898,136.38196,161.7917,179.16623,156.76548,166.22878,196.87209,169.39979
WarriorIII,157.74937,162.34807,169.58912,165.00654,106.77117,168.23004,171.35343,174.78281
WarriorIII,54.6705,43.5464,56.24501,42.84665,158.21347,112.41845,179.41326,190.96019
WarriorIII,133.42694,97.63361,174.34876,179.48962,96.14475,177.15356,151.57582,199.68446
WarriorIII,161.5417,163.89624,164.51766,174.22646,196.70192,120.79604,163.0651,173.95189
WarriorIII,158.94132,168.60846,154.5103,165.17388,117.66768,178.71852,176.85209,193.31263
WarriorIII,152.848,141.20443,159.53703,190.0919,167.45556,132.71106,190.27217,176.39444
WarriorIII,153.43968,158.35258,173.34747,165.36344,106.87198,179.768,175.04158,198.09539
WarriorIII,173.52466,169.22647,167.28966,157.08997,176.35572,110.56783,178.09649,176.6016
WarriorIII,145.70368,144.30883,158.54922,169.31378,163.80906,132.50384,158.57,169.22665
WarriorIII,136.63146,141.24498,166.01021,153.8251,113.85636,162.39223,177.22027,165.19272
WarriorIII,145.54761,133.61029,153.98649,157.80247,149.26001,139.33307,196.47596,179.42638
WarriorIII,139.55296,141.63547,164.86483,150.92709,114.03196,184.87081,175.64195,161.29235
WarriorIII,19.23145,4.69911,195.99523,172.9638,120.93983,146.64144,172.64449,178.52626
WarriorIII,154.79469,158.89615,166.52606,189.00466,120.83157,167.92932,198.81509,187.54743
WarriorIII,170.18983,164.98596,189.72349,166.06862,187.80402,100.73241,172.16496,179.2352
WarriorIII,153.81582,163.91368,163.98648,170.48659,128.67816,169.47363,192.92051,166.56272
WarriorIII,186.60997,158.19926,168.98988,147.64314,154.9124,128.88483,191.09515,177.70014
WarriorIII,112.53875,125.91142,156.87397,176.77594,161.04378,130.78195,157.22838,195.98968
WarriorIII,170.95944,172.72625,187.73757,186.70216,148.26767,111.72876,165.98748,175.41127
WarriorIII,19.79173,129.84918,154.32449,140.18878,143.28403,164.89008,178.8605,158.05836
WarriorIII,139.06812,126.81657,178.8336,197.5466,13.43914,196.91196,39.50969,196.68252
WarriorIII,159.89974,161.55272,169.158,163.83165,97.77082,152.36767,172.98571,195.32701
WarriorIII,172.54853,159.4848,179.52564,169.46411,96.0989,163.22833,179.65035,197.37468
WarriorIII,147.51662,142.89722,187.63249,174.86861,135.71924,174.46413,177.4745,193.02409
WarriorIII,191.13682,188.74584,165.25524,163.76515,117.03636,149.32441,177.98912,192.69137
WarriorIII,18.81356,18.21402,178.0946,176.81804,161.89186,137.70623,167.95416,189.76893
WarriorIII,120.8133,121.34761,90.74262,109.93642,164.48306,109.00308,145.59217,150.21065
WarriorIII,178.04103,196.50359,198.64857,191.99118,141.78499,92.18243,195.47241,195.41936
WarriorIII,117.75786,138.84013,166.29192,189.87372,126.70483,173.02114,177.41285,156.4138
WarriorIII,132.11237,141.38307,178.16129,195.75553,145.82356,139.20298,168.56435,175.33966
WarriorIII,143.22093,142.87711,159.28191,164.28758,149.14972,139.25504,180.39422,178.47933
WarriorIII,173.98431,170.6946,198.79191,194.5902,154.66664,129.99266,170.68558,173.00266
WarriorIII,83.08119,129.78676,100.65683,125.25642,167.0095,1.51214,179.42645,76.98086
WarriorIII,37.5383,24.96688,172.40419,175.92664,190.90539,161.0546,95.18901,145.69248
WarriorIII,115.35533,123.29132,177.40917,182.06664,167.36581,146.65698,171.4629,194.43095
WarriorIII,174.48974,168.78257,187.33528,186.00413,166.85907,94.83153,168.30608,190.384
WarriorIII,193.98388,191.76668,168.51213,149.3961,136.5314,162.06785,197.95067,155.79462
WarriorIII,176.60108,195.61466,198.48711,178.02596,170.26904,85.98551,166.8901,171.96393
WarriorIII,162.39473,159.06702,193.3351,160.22985,108.36522,196.71458,199.54181,164.96783
WarriorIII,167.70802,161.69688,169.65642,165.13085,192.89862,97.80017,167.7835,195.74786
WarriorIII,170.80551,166.02704,158.66575,157.8128,172.65805,93.9157,174.54813,178.67675
WarriorIII,41.42166,44.1432,190.50824,188.08675,160.2467,170.93708,188.66906,170.28111
WarriorIII,166.28956,162.40838,188.96819,189.43215,154.21656,103.21529,170.01954,192.06386
WarriorIII,4.37078,13.73287,196.00674,173.47262,184.02308,109.20108,170.13612,176.08092
WarriorIII,170.51369,172.72165,175.1134,173.67707,104.78304,173.72315,158.16833,176.56881
WarriorIII,199.89783,176.67935,172.22596,196.81656,170.48196,122.87967,172.15141,173.98502
WarriorIII,145.73102,156.88872,169.91098,164.81983,74.8929,158.03004,185.36988,157.3005
WarriorIII,164.172,156.3033,164.82491,163.07056,178.75023,95.90499,162.1396,194.58415
WarriorIII,175.00773,164.12295,166.98287,150.66522,160.9139,95.62477,172.16795,172.21292
WarriorIII,198.72512,197.14506,196.70521,192.42453,115.71518,177.82822,174.5961,159.98035
WarriorIII,35.23942,10.09057,198.66202,193.3768,199.81663,69.59796,170.26031,178.97344
WarriorIII,167.41492,165.7776,153.37548,165.60022,171.69643,112.90267,168.06286,198.14852
WarriorIII,173.74135,170.19875,166.87309,162.73887,170.46333,112.93239,172.04429,176.49769
WarriorIII,175.96725,173.53734,198.04429,199.58367,113.26516,195.76506,184.97291,176.25199
WarriorIII,174.31476,171.95437,170.59747,171.64661,197.69033,121.93793,177.05724,197.15366
